"id","created_at","updated_at","agency","departure_station","arrival_station","departure_date","departure_time","arrival_date","arrival_time","train_code","carriages_number","in_time","deleted"
"1","2023-03-14 01:28:19","2023-03-14 01:28:19","Battaglia-Ricci Group","Prisca laziale","San Joseph a mare","2023-03-13","12:33:25","2023-03-14","00:57:32","46548","3","0","1"
"2","2023-03-14 01:28:19","2023-03-14 01:28:19","Farina Group","Carmela calabro","Giacinta calabro","2023-03-13","10:26:48","2023-03-13","21:27:21","56523","4","1","0"
"3","2023-03-14 01:28:19","2023-03-14 01:28:19","Rossetti, Barbieri e Carbone e figli","Quarto Zelida","Quarto Matteo","2023-03-14","03:31:28","2023-03-15","21:25:12","54342","9","1","0"
"4","2023-03-14 01:28:19","2023-03-14 01:28:19","Conti e figli","Giordano calabro","Marcella lido","2023-03-14","04:16:14","2023-03-14","20:43:12","21031","4","1","0"
"5","2023-03-14 01:28:19","2023-03-14 01:28:19","Ferri SPA","San Maria del friuli","Ferrari ligure","2023-03-14","11:03:31","2023-03-14","14:25:23","22856","9","0","1"
"6","2023-03-14 01:28:19","2023-03-14 01:28:19","Parisi-D'amico e figli","San Santo","Vania nell'emilia","2023-03-14","08:11:49","2023-03-14","13:47:38","28073","10","0","1"
"7","2023-03-14 01:28:19","2023-03-14 01:28:19","Ferretti-Lombardo s.r.l.","Maruska ligure","Borgo Eustachio","2023-03-13","01:34:08","2023-03-13","01:39:21","39051","5","0","0"
"8","2023-03-14 01:28:19","2023-03-14 01:28:19","Greco, Ferraro e Conte e figli","San Elda terme","Settimo Maruska laziale","2023-03-15","00:10:47","2023-03-15","04:59:53","44215","3","0","0"
"9","2023-03-14 01:28:19","2023-03-14 01:28:19","Carbone-Mazza SPA","Joshua nell'emilia","Maria ligure","2023-03-13","03:17:30","2023-03-13","17:04:38","41509","9","1","0"
"10","2023-03-14 01:28:19","2023-03-14 01:28:19","Giuliani-Grassi Group","Settimo Loretta nell'emilia","Martino nell'emilia","2023-03-13","06:28:55","2023-03-13","06:31:07","44474","8","1","0"
"11","2023-03-14 01:28:19","2023-03-14 01:28:19","Piras Group","Caio terme","San Jelena a mare","2023-03-13","23:56:31","2023-03-14","12:34:42","36501","6","0","0"
"12","2023-03-14 01:28:19","2023-03-14 01:28:19","Pellegrini, Battaglia e Mazza SPA","Conte lido","Settimo Olo","2023-03-13","18:22:13","2023-03-14","11:07:37","55881","10","0","1"
"13","2023-03-14 01:28:19","2023-03-14 01:28:19","Ferraro e figli","Ricci nell'emilia","San Maruska a mare","2023-03-14","16:52:32","2023-03-15","14:42:21","31288","2","1","1"
"14","2023-03-14 01:28:19","2023-03-14 01:28:19","Martini e figli","Settimo Cesidia","San Danthon","2023-03-13","05:05:36","2023-03-13","08:27:40","10841","5","1","0"
"15","2023-03-14 01:28:19","2023-03-14 01:28:19","Neri SPA","Settimo Gaetano a mare","Barone veneto","2023-03-13","02:32:03","2023-03-14","03:29:18","46797","5","0","1"
"16","2023-03-14 01:28:19","2023-03-14 01:28:19","Pellegrino-Bernardi Group","Settimo Guendalina nell'emilia","Lino nell'emilia","2023-03-13","13:52:43","2023-03-14","05:08:36","32929","5","1","0"
"17","2023-03-14 01:28:19","2023-03-14 01:28:19","Grasso, Longo e De Santis SPA","Iacopo veneto","Vitali veneto","2023-03-13","05:38:08","2023-03-13","10:16:19","36480","6","1","0"
"18","2023-03-14 01:28:19","2023-03-14 01:28:19","Donati e figli","Quarto Pietro ligure","Quarto Sirio calabro","2023-03-13","03:14:08","2023-03-13","05:47:23","42196","8","1","1"
"19","2023-03-14 01:28:19","2023-03-14 01:28:19","Mancini Group","Borgo Maruska","Quarto Anselmo","2023-03-13","05:23:53","2023-03-13","13:01:46","55116","2","0","1"
"20","2023-03-14 01:28:19","2023-03-14 01:28:19","De luca-Pellegrino e figli","Sesto Italo del friuli","Borgo Akira laziale","2023-03-14","12:21:06","2023-03-15","09:10:05","10870","1","1","0"
"21","2023-03-14 01:28:19","2023-03-14 01:28:19","Marini, Longo e Vitale SPA","Cleopatra del friuli","Palumbo lido","2023-03-13","11:34:26","2023-03-13","23:44:08","28644","4","0","1"
"22","2023-03-14 01:28:19","2023-03-14 01:28:19","Ferretti, Ricci e Palmieri Group","Borgo Joannes","Quarto Oreste","2023-03-13","16:42:33","2023-03-13","23:02:39","43652","4","1","0"
"23","2023-03-14 01:28:19","2023-03-14 01:28:19","Marchetti, Grasso e Vitale SPA","Rosaria terme","Settimo Ione calabro","2023-03-13","01:52:10","2023-03-13","08:23:24","37218","7","0","0"
"24","2023-03-14 01:28:19","2023-03-14 01:28:19","Gentile SPA","Marieva veneto","Settimo Rudy","2023-03-14","08:05:52","2023-03-15","19:24:42","23596","9","0","0"
"25","2023-03-14 01:28:19","2023-03-14 01:28:19","Conte, Donati e Rinaldi s.r.l.","Pagano laziale","Ulrico umbro","2023-03-13","02:25:41","2023-03-13","14:15:10","30776","10","1","1"
"26","2023-03-14 01:28:19","2023-03-14 01:28:19","Montanari, Testa e Negri s.r.l.","Quarto Vania","Borgo Amerigo","2023-03-13","13:43:06","2023-03-14","01:00:41","52498","5","1","0"
"27","2023-03-14 01:28:19","2023-03-14 01:28:19","Morelli s.r.l.","Marino calabro","Sorrentino ligure","2023-03-13","23:08:55","2023-03-15","12:54:02","58076","8","1","0"
"28","2023-03-14 01:28:19","2023-03-14 01:28:19","De luca, Monti e Greco s.r.l.","Genziana lido","Pagano sardo","2023-03-13","10:59:04","2023-03-13","16:28:51","18461","8","0","0"
"29","2023-03-14 01:28:19","2023-03-14 01:28:19","Mariani, Palumbo e Ferrara s.r.l.","Orfeo sardo","Settimo Edvige nell'emilia","2023-03-13","18:00:30","2023-03-14","07:33:52","50820","8","1","1"
"30","2023-03-14 01:28:19","2023-03-14 01:28:19","Vitali, Serra e Gatti e figli","Quarto Giorgio","Sesto Prisca","2023-03-13","03:04:52","2023-03-13","03:42:31","30207","4","1","1"
"31","2023-03-14 01:28:19","2023-03-14 01:28:19","Monti, Farina e Serra s.r.l.","Quarto Demis","Quarto Marina","2023-03-13","07:40:33","2023-03-13","17:01:03","11665","10","0","0"
"32","2023-03-14 01:28:19","2023-03-14 01:28:19","Ricci, Serra e Moretti SPA","Concetta nell'emilia","Moretti calabro","2023-03-14","00:40:19","2023-03-14","16:19:29","23986","3","1","0"
"33","2023-03-14 01:28:19","2023-03-14 01:28:19","Gallo-De luca e figli","Ludovico calabro","Egisto laziale","2023-03-14","01:49:17","2023-03-14","07:19:54","57709","4","1","1"
"34","2023-03-14 01:28:19","2023-03-14 01:28:19","Martino-Giuliani s.r.l.","Borgo Ettore","Vitali lido","2023-03-13","05:20:40","2023-03-13","09:43:35","24031","2","0","0"
"35","2023-03-14 01:28:19","2023-03-14 01:28:19","Cattaneo, Moretti e Ruggiero e figli","Quarto Soriana salentino","Sesto Domiziano sardo","2023-03-14","02:50:17","2023-03-15","08:52:20","22001","9","0","1"
"36","2023-03-14 01:28:19","2023-03-14 01:28:19","Bellini-Piras SPA","Bianchi ligure","Bruno lido","2023-03-13","01:39:41","2023-03-15","09:35:57","30872","4","1","1"
"37","2023-03-14 01:28:19","2023-03-14 01:28:19","Marchetti, Gentile e D'angelo s.r.l.","De rosa salentino","Gallo laziale","2023-03-14","08:26:44","2023-03-15","06:37:27","11727","6","1","0"
"38","2023-03-14 01:28:19","2023-03-14 01:28:19","De Angelis, D'amico e De rosa Group","Settimo Damiana umbro","Barone veneto","2023-03-13","13:44:56","2023-03-14","13:31:31","25988","5","1","0"
"39","2023-03-14 01:28:19","2023-03-14 01:28:19","Cattaneo, Donati e De luca Group","Giuliani veneto","Borgo Aaron sardo","2023-03-13","02:50:16","2023-03-13","13:30:11","36902","4","0","0"
"40","2023-03-14 01:28:19","2023-03-14 01:28:19","Sala, Ferri e De Angelis SPA","Quarto Lidia calabro","De rosa laziale","2023-03-13","10:05:41","2023-03-13","17:51:19","21135","1","1","1"
"41","2023-03-14 01:28:19","2023-03-14 01:28:19","Leone s.r.l.","Donati del friuli","Borgo Guendalina lido","2023-03-13","16:43:17","2023-03-14","01:52:43","21794","4","1","1"
"42","2023-03-14 01:28:19","2023-03-14 01:28:19","Amato, Damico e Barbieri e figli","Quarto Serse ligure","Quarto Dindo","2023-03-13","01:46:26","2023-03-13","17:17:06","11551","8","0","1"
"43","2023-03-14 01:28:19","2023-03-14 01:28:19","Ricci e figli","Settimo Celeste a mare","Sesto Radio","2023-03-14","12:58:08","2023-03-15","00:47:18","15029","8","0","0"
"44","2023-03-14 01:28:19","2023-03-14 01:28:19","Pellegrino, Gentile e Piras SPA","Tosca nell'emilia","Fiore lido","2023-03-14","05:39:05","2023-03-14","06:35:03","59454","5","0","1"
"45","2023-03-14 01:28:19","2023-03-14 01:28:19","Martinelli-Sartori SPA","Settimo Flaviana sardo","Sesto Rosaria nell'emilia","2023-03-13","18:18:42","2023-03-15","20:07:16","35891","7","0","1"
"46","2023-03-14 01:28:19","2023-03-14 01:28:19","Bianco Group","Borgo Marzio","Domiziano nell'emilia","2023-03-13","22:05:47","2023-03-14","03:39:54","19964","4","1","1"
"47","2023-03-14 01:28:19","2023-03-14 01:28:19","Sala, Giuliani e Santoro e figli","Marianita salentino","Borgo Gianleonardo","2023-03-13","06:49:50","2023-03-13","07:46:59","36816","6","1","1"
"48","2023-03-14 01:28:19","2023-03-14 01:28:19","Battaglia e figli","De Santis umbro","Edilio a mare","2023-03-13","14:45:37","2023-03-13","21:38:47","12460","5","0","0"
"49","2023-03-14 01:28:19","2023-03-14 01:28:19","Orlando, Coppola e Fabbri s.r.l.","Borgo Erminia","Borgo Gianmarco lido","2023-03-13","06:56:55","2023-03-13","08:21:17","14404","4","1","0"
"50","2023-03-14 01:28:19","2023-03-14 01:28:19","Palmieri s.r.l.","Quarto Eustachio nell'emilia","Neri a mare","2023-03-14","01:39:17","2023-03-14","17:20:40","48478","2","1","1"
"51","2023-03-14 01:28:19","2023-03-14 01:28:19","Lombardo-Milani SPA","Mariapia laziale","Benedetti calabro","2023-03-13","02:11:25","2023-03-14","00:54:42","37475","5","0","1"
"52","2023-03-14 01:28:19","2023-03-14 01:28:19","Mancini-D'angelo s.r.l.","Quarto Cecco ligure","Martino del friuli","2023-03-14","17:07:08","2023-03-14","19:09:28","21961","8","0","0"
"53","2023-03-14 01:28:19","2023-03-14 01:28:19","D'amico-Giordano Group","Testa laziale","Settimo Raoul","2023-03-14","17:40:55","2023-03-14","18:34:50","30344","2","1","1"
"54","2023-03-14 01:28:19","2023-03-14 01:28:19","Giuliani s.r.l.","Quarto Sue ellen a mare","Erminia laziale","2023-03-13","15:20:30","2023-03-15","12:16:03","33293","7","0","1"
"55","2023-03-14 01:28:19","2023-03-14 01:28:19","D'angelo, Cattaneo e Villa SPA","Mariano laziale","Borgo Benedetta lido","2023-03-13","18:17:29","2023-03-15","19:03:09","26408","8","1","1"
"56","2023-03-14 01:28:19","2023-03-14 01:28:19","Negri-Bellini e figli","San Nicoletta","Umberto nell'emilia","2023-03-13","06:48:46","2023-03-13","06:49:46","17836","9","1","0"
"57","2023-03-14 01:28:19","2023-03-14 01:28:19","Mariani Group","Bianchi salentino","Barbieri umbro","2023-03-13","17:13:48","2023-03-15","09:17:37","32664","4","1","1"
"58","2023-03-14 01:28:19","2023-03-14 01:28:19","Villa Group","Settimo Clea","Marianita calabro","2023-03-14","12:49:37","2023-03-15","10:24:59","27305","10","1","0"
"59","2023-03-14 01:28:19","2023-03-14 01:28:19","Messina SPA","Quarto Mariagiulia nell'emilia","Romano lido","2023-03-13","20:18:39","2023-03-13","21:46:20","20304","7","0","0"
"60","2023-03-14 01:28:19","2023-03-14 01:28:19","Marini, Martino e Valentini s.r.l.","Rossi laziale","Sala veneto","2023-03-13","04:13:58","2023-03-14","05:36:58","16980","9","1","1"
"61","2023-03-14 01:28:19","2023-03-14 01:28:19","Milani, Ferraro e Benedetti s.r.l.","Borgo Pietro ligure","Borgo Mattia del friuli","2023-03-13","17:00:02","2023-03-15","17:54:10","10493","10","0","1"
"62","2023-03-14 01:28:19","2023-03-14 01:28:19","Milani, Pagano e Marino e figli","Rudy nell'emilia","Umberto veneto","2023-03-13","06:35:55","2023-03-14","02:31:49","22349","8","1","0"
"63","2023-03-14 01:28:19","2023-03-14 01:28:19","Russo-Martino SPA","Edvige del friuli","Siro nell'emilia","2023-03-13","09:45:23","2023-03-13","23:41:26","17791","1","1","0"
"64","2023-03-14 01:28:19","2023-03-14 01:28:19","Negri Group","Sesto Clea","Quarto Noemi veneto","2023-03-14","22:30:35","2023-03-15","16:15:10","58142","4","0","0"
"65","2023-03-14 01:28:19","2023-03-14 01:28:19","Bernardi-Caputo Group","Emilia calabro","Piccarda sardo","2023-03-13","04:34:38","2023-03-13","09:09:52","44855","4","1","1"
"66","2023-03-14 01:28:19","2023-03-14 01:28:19","Palumbo Group","Settimo Soriana umbro","Giulietta laziale","2023-03-14","02:13:35","2023-03-15","13:00:49","35552","7","0","0"
"67","2023-03-14 01:28:19","2023-03-14 01:28:19","Fontana Group","Settimo Carmela a mare","Martinelli umbro","2023-03-13","04:45:22","2023-03-15","00:14:38","29270","1","1","1"
"68","2023-03-14 01:28:19","2023-03-14 01:28:19","Montanari-Milani e figli","Dindo laziale","Quarto Joseph ligure","2023-03-13","13:20:29","2023-03-13","18:40:33","26184","1","1","1"
"69","2023-03-14 01:28:19","2023-03-14 01:28:19","Farina SPA","Giacinto sardo","Quarto Eustachio terme","2023-03-14","16:02:35","2023-03-16","00:49:13","41673","5","0","0"
"70","2023-03-14 01:28:19","2023-03-14 01:28:19","Parisi SPA","De luca umbro","Esposito umbro","2023-03-13","16:47:43","2023-03-14","16:41:36","35063","5","1","0"
"71","2023-03-14 01:28:19","2023-03-14 01:28:19","Ferri-Barbieri e figli","Borgo Lorenzo","Quarto Danuta","2023-03-13","01:32:19","2023-03-13","01:34:07","32279","6","1","0"
"72","2023-03-14 01:28:19","2023-03-14 01:28:19","Esposito-Riva s.r.l.","Quarto Maristella umbro","Sarita salentino","2023-03-13","02:45:15","2023-03-13","04:31:34","45809","2","0","0"
"73","2023-03-14 01:28:19","2023-03-14 01:28:19","Sala, Caputo e Palmieri SPA","Sesto Maristella","San Enrica lido","2023-03-13","05:54:53","2023-03-13","10:55:41","32686","3","0","1"
"74","2023-03-14 01:28:19","2023-03-14 01:28:19","Bianco-Farina SPA","Galli del friuli","Borgo Jelena","2023-03-14","07:25:26","2023-03-15","19:49:24","50401","5","1","0"
"75","2023-03-14 01:28:19","2023-03-14 01:28:19","Sala SPA","Diamante terme","Marino terme","2023-03-13","03:04:30","2023-03-14","19:21:55","21969","8","1","1"
"76","2023-03-14 01:28:19","2023-03-14 01:28:19","Basile s.r.l.","Borgo Tommaso","Bibiana a mare","2023-03-13","08:26:03","2023-03-13","14:34:58","55199","1","1","1"
"77","2023-03-14 01:28:19","2023-03-14 01:28:19","Costantini Group","Quarto Leonardo a mare","San Prisca laziale","2023-03-13","03:42:06","2023-03-13","12:27:57","28164","1","0","1"
"78","2023-03-14 01:28:19","2023-03-14 01:28:19","Caruso-Bianchi s.r.l.","Settimo Deborah terme","Manuele lido","2023-03-13","07:44:53","2023-03-14","07:48:06","55784","8","0","0"
"79","2023-03-14 01:28:19","2023-03-14 01:28:19","Montanari-Rossi SPA","Settimo Maika","Sesto Ileana","2023-03-13","04:24:30","2023-03-13","04:33:42","21404","5","0","0"
"80","2023-03-14 01:28:19","2023-03-14 01:28:19","Pellegrini, Testa e Mancini s.r.l.","Giulietta laziale","Loretta a mare","2023-03-13","07:56:47","2023-03-15","13:33:47","52126","5","1","0"
"81","2023-03-14 01:28:19","2023-03-14 01:28:19","Vitale, Pagano e Gentile Group","Parisi ligure","Borgo Alberto","2023-03-13","19:59:05","2023-03-15","12:16:54","52588","5","1","1"
"82","2023-03-14 01:28:19","2023-03-14 01:28:19","Sanna e figli","Settimo Ivano","Quarto Demian","2023-03-13","15:16:39","2023-03-14","00:30:01","32043","4","0","1"
"83","2023-03-14 01:28:19","2023-03-14 01:28:19","Milani-Colombo Group","Sesto Diamante terme","Rinaldi a mare","2023-03-14","19:26:19","2023-03-16","00:45:27","46093","1","0","1"
"84","2023-03-14 01:28:19","2023-03-14 01:28:19","Barbieri, Cattaneo e Neri SPA","Sabino del friuli","Quarto Oreste del friuli","2023-03-13","17:21:33","2023-03-14","00:38:13","47367","2","0","0"
"85","2023-03-14 01:28:19","2023-03-14 01:28:19","Caputo, Carbone e Marini Group","Quarto Leone ligure","Gatti a mare","2023-03-13","02:09:00","2023-03-13","02:42:06","33530","6","1","0"
"86","2023-03-14 01:28:19","2023-03-14 01:28:19","Ferrari e figli","Settimo Umberto","Sesto Arturo lido","2023-03-14","00:32:45","2023-03-14","19:36:35","52774","3","0","1"
"87","2023-03-14 01:28:19","2023-03-14 01:28:19","Ferraro s.r.l.","Borgo Leone","Cassiopea nell'emilia","2023-03-14","06:40:31","2023-03-15","22:17:22","27616","1","1","1"
"88","2023-03-14 01:28:19","2023-03-14 01:28:19","D'angelo-Ferrari Group","Pacifico a mare","Sesto Marco terme","2023-03-13","19:50:15","2023-03-15","00:20:43","53851","4","0","0"
"89","2023-03-14 01:28:19","2023-03-14 01:28:19","Neri, Marino e Caruso Group","Gatti del friuli","San Mariagiulia","2023-03-13","08:08:22","2023-03-15","04:55:03","56766","9","1","0"
"90","2023-03-14 01:28:19","2023-03-14 01:28:19","Marino-Serra e figli","Quarto Giacinto a mare","Sesto Elio","2023-03-14","17:41:29","2023-03-15","00:08:19","37273","10","0","1"
"91","2023-03-14 01:28:19","2023-03-14 01:28:19","Ferretti SPA","San Gioacchino del friuli","Marieva ligure","2023-03-14","11:15:40","2023-03-14","16:29:49","34636","9","0","0"
"92","2023-03-14 01:28:19","2023-03-14 01:28:19","Galli-Serra e figli","Borgo Cecco a mare","Ferretti terme","2023-03-13","05:04:56","2023-03-13","05:22:05","46956","5","0","0"
"93","2023-03-14 01:28:19","2023-03-14 01:28:19","Basile, Caruso e Gentile Group","Samira umbro","Donati terme","2023-03-13","17:13:33","2023-03-14","13:45:02","55074","2","0","1"
"94","2023-03-14 01:28:19","2023-03-14 01:28:19","Romano, Benedetti e Benedetti SPA","San Gerlando sardo","Cattaneo veneto","2023-03-13","18:59:12","2023-03-14","13:27:27","19412","3","0","1"
"95","2023-03-14 01:28:19","2023-03-14 01:28:19","Cattaneo SPA","Settimo Edilio ligure","Sesto Romeo lido","2023-03-14","05:46:03","2023-03-14","19:26:58","52388","1","1","0"
"96","2023-03-14 01:28:19","2023-03-14 01:28:19","Donati-Donati SPA","Gatti veneto","Vitale terme","2023-03-13","02:23:17","2023-03-13","18:20:46","14257","6","0","0"
"97","2023-03-14 01:28:19","2023-03-14 01:28:19","Rizzo, Mancini e Ferretti e figli","Caruso laziale","Quarto Vania","2023-03-13","09:42:44","2023-03-13","10:44:48","42852","9","0","1"
"98","2023-03-14 01:28:19","2023-03-14 01:28:19","Rizzo, Sanna e Santoro Group","Borgo Giulietta terme","Ivonne nell'emilia","2023-03-13","12:37:16","2023-03-14","05:39:42","37220","7","0","0"
"99","2023-03-14 01:28:19","2023-03-14 01:28:19","Grassi SPA","Gatti terme","Battaglia salentino","2023-03-14","04:00:13","2023-03-15","09:32:59","35922","8","0","1"
"100","2023-03-14 01:28:19","2023-03-14 01:28:19","Mazza e figli","Borgo Giorgio ligure","Laura umbro","2023-03-13","12:27:36","2023-03-15","03:24:52","45876","10","1","0"
"101","2023-03-14 01:28:19","2023-03-14 01:28:19","Costa-Battaglia e figli","Giordano ligure","Sesto Lorenzo calabro","2023-03-13","04:15:12","2023-03-13","07:33:29","51982","9","1","0"
"102","2023-03-14 01:28:19","2023-03-14 01:28:19","Gatti, Montanari e Villa e figli","Piersilvio sardo","Caruso umbro","2023-03-13","17:19:30","2023-03-13","18:03:13","56640","7","0","0"
"103","2023-03-14 01:28:19","2023-03-14 01:28:19","Rossetti-Valentini SPA","Sesto Flaviana a mare","Deborah calabro","2023-03-13","10:26:55","2023-03-15","16:31:35","35064","4","0","0"
"104","2023-03-14 01:28:19","2023-03-14 01:28:19","Parisi-De luca Group","Valdo a mare","Silvestri ligure","2023-03-14","01:49:10","2023-03-14","15:07:48","37449","10","0","0"
"105","2023-03-14 01:28:19","2023-03-14 01:28:19","Basile e figli","Baldassarre calabro","Borgo Sarita sardo","2023-03-13","07:48:37","2023-03-13","21:55:25","25616","10","1","1"
"106","2023-03-14 01:28:19","2023-03-14 01:28:19","Serra Group","Sesto Aaron calabro","Pellegrini salentino","2023-03-14","20:02:24","2023-03-15","14:35:26","39002","6","0","1"
"107","2023-03-14 01:28:19","2023-03-14 01:28:19","Ricci, Martinelli e De luca Group","Nunzia sardo","Rita salentino","2023-03-13","22:38:53","2023-03-14","18:26:30","52107","4","1","0"
"108","2023-03-14 01:28:19","2023-03-14 01:28:19","Mazza, Giordano e Battaglia s.r.l.","Caligola umbro","Giordano nell'emilia","2023-03-13","01:38:06","2023-03-13","14:08:35","39761","8","0","0"
"109","2023-03-14 01:28:19","2023-03-14 01:28:19","Martino Group","Palmieri ligure","Tancredi calabro","2023-03-13","17:57:48","2023-03-14","05:28:39","25327","9","0","0"
"110","2023-03-14 01:28:19","2023-03-14 01:28:19","Marini-Moretti s.r.l.","Quarto Diamante laziale","Settimo Michael","2023-03-13","10:39:18","2023-03-14","18:01:14","17712","1","0","1"
"111","2023-03-14 01:28:19","2023-03-14 01:28:19","Carbone-Milani Group","Rosolino del friuli","Settimo Cassiopea ligure","2023-03-14","00:33:36","2023-03-15","23:03:38","57356","5","0","1"
"112","2023-03-14 01:28:19","2023-03-14 01:28:19","Martinelli, Esposito e Mazza Group","Bellini nell'emilia","Settimo Joey","2023-03-13","09:00:17","2023-03-13","10:13:42","43235","1","0","0"
"113","2023-03-14 01:28:19","2023-03-14 01:28:19","Neri-Martinelli e figli","D'angelo ligure","Eufemia nell'emilia","2023-03-13","15:56:02","2023-03-15","06:21:38","30691","6","0","0"
"114","2023-03-14 01:28:19","2023-03-14 01:28:19","Sanna, De rosa e Basile Group","Borgo Noah laziale","Settimo Cristyn","2023-03-14","22:33:29","2023-03-15","19:25:01","15602","9","1","0"
"115","2023-03-14 01:28:19","2023-03-14 01:28:19","Fontana e figli","Quarto Fortunata umbro","Giordano del friuli","2023-03-13","02:30:46","2023-03-13","05:16:06","23107","1","1","1"
"116","2023-03-14 01:28:19","2023-03-14 01:28:19","Grassi s.r.l.","Ariel ligure","Filomena salentino","2023-03-13","14:06:02","2023-03-14","09:46:54","34456","9","1","0"
"117","2023-03-14 01:28:19","2023-03-14 01:28:19","Ferrari, Conti e Battaglia e figli","Evita veneto","Alighieri nell'emilia","2023-03-14","21:27:30","2023-03-15","00:17:36","29856","7","1","0"
"118","2023-03-14 01:28:19","2023-03-14 01:28:19","Cattaneo e figli","Greco sardo","San Miriam","2023-03-13","03:03:51","2023-03-14","19:19:29","56151","7","0","0"
"119","2023-03-14 01:28:19","2023-03-14 01:28:19","Ferrara, Pellegrini e Pagano e figli","Quarto Lisa","Quarto Akira sardo","2023-03-13","08:24:43","2023-03-14","13:01:44","13807","10","1","1"
"120","2023-03-14 01:28:19","2023-03-14 01:28:19","Gallo, Lombardo e Esposito Group","Lombardo del friuli","Ettore salentino","2023-03-14","02:14:28","2023-03-15","03:48:11","32920","4","0","1"
"121","2023-03-14 01:28:19","2023-03-14 01:28:19","Sartori-Vitali SPA","Borgo Romolo nell'emilia","Esposito veneto","2023-03-14","01:32:15","2023-03-15","22:19:55","31924","7","0","1"
"122","2023-03-14 01:28:19","2023-03-14 01:28:19","De luca, Bianchi e Costa SPA","Gentile sardo","Quarto Thea","2023-03-13","02:19:33","2023-03-13","21:08:53","27298","1","0","0"
"123","2023-03-14 01:28:19","2023-03-14 01:28:19","Sartori, Fabbri e Neri e figli","Bianco salentino","De rosa laziale","2023-03-13","15:52:25","2023-03-15","17:17:16","21600","5","1","1"
"124","2023-03-14 01:28:19","2023-03-14 01:28:19","Rossetti Group","Sesto Artes","San Shaira","2023-03-13","01:59:51","2023-03-13","03:32:23","35493","8","1","0"
"125","2023-03-14 01:28:19","2023-03-14 01:28:19","Sartori-Rizzi e figli","Quarto Irene","Russo veneto","2023-03-13","12:17:16","2023-03-15","09:32:54","36498","9","0","0"
"126","2023-03-14 01:28:19","2023-03-14 01:28:19","D'amico, Rizzo e Colombo e figli","Settimo Isabel terme","Michele umbro","2023-03-13","09:52:38","2023-03-13","14:14:36","46564","1","0","0"
"127","2023-03-14 01:28:19","2023-03-14 01:28:19","Milani Group","Lombardi a mare","Sesto Nunzia","2023-03-13","05:57:56","2023-03-13","07:00:48","54179","1","0","0"
"128","2023-03-14 01:28:19","2023-03-14 01:28:19","De Santis SPA","Longo ligure","Arduino umbro","2023-03-13","15:11:26","2023-03-14","11:54:35","49800","1","1","1"
"129","2023-03-14 01:28:19","2023-03-14 01:28:19","Montanari-Morelli e figli","Montanari terme","Borgo Vera laziale","2023-03-13","22:17:38","2023-03-15","09:27:29","58179","9","1","0"
"130","2023-03-14 01:28:20","2023-03-14 01:28:20","Milani e figli","Arcibaldo a mare","Nick a mare","2023-03-13","01:39:56","2023-03-13","02:05:06","27655","6","1","1"
"131","2023-03-14 01:28:20","2023-03-14 01:28:20","Fontana-Coppola e figli","Quarto Rebecca nell'emilia","D'angelo terme","2023-03-14","21:32:15","2023-03-15","11:21:02","15552","10","1","0"
"132","2023-03-14 01:28:20","2023-03-14 01:28:20","Giordano SPA","Settimo Mariagiulia","Russo ligure","2023-03-14","05:07:46","2023-03-14","10:06:40","56566","6","0","1"
"133","2023-03-14 01:28:20","2023-03-14 01:28:20","Ferrari-Rinaldi s.r.l.","Sesto Davide","Demis terme","2023-03-13","03:41:29","2023-03-13","08:59:47","27623","7","0","1"
"134","2023-03-14 01:28:20","2023-03-14 01:28:20","Mazza-Rinaldi SPA","Settimo Sarita","Borgo Yago","2023-03-14","13:04:51","2023-03-15","12:26:10","27980","2","1","1"
"135","2023-03-14 01:28:20","2023-03-14 01:28:20","Bianchi, Santoro e Donati e figli","Maika umbro","Oreste veneto","2023-03-13","08:42:40","2023-03-13","20:46:11","47683","5","1","1"
"136","2023-03-14 01:28:20","2023-03-14 01:28:20","Fiore-Bernardi s.r.l.","Amedeo del friuli","Benedetti ligure","2023-03-14","02:38:15","2023-03-15","23:26:00","22348","7","1","1"
"137","2023-03-14 01:28:20","2023-03-14 01:28:20","Rossi SPA","Messina umbro","Settimo Oreste laziale","2023-03-13","02:52:27","2023-03-14","03:43:41","58913","2","1","1"
"138","2023-03-14 01:28:20","2023-03-14 01:28:20","Ferrara, Moretti e De Santis e figli","Borgo Enrico","Borgo Romeo","2023-03-14","04:09:32","2023-03-15","03:30:46","42967","2","0","0"
"139","2023-03-14 01:28:20","2023-03-14 01:28:20","Barbieri, Montanari e Moretti s.r.l.","Martino sardo","Alberto umbro","2023-03-13","02:01:22","2023-03-13","05:19:12","33082","6","1","1"
"140","2023-03-14 01:28:20","2023-03-14 01:28:20","Marino-Damico SPA","Piccarda nell'emilia","Villa umbro","2023-03-14","14:08:18","2023-03-15","00:41:56","14156","3","1","0"
"141","2023-03-14 01:28:20","2023-03-14 01:28:20","Basile-Ferraro SPA","Conti a mare","Vitale nell'emilia","2023-03-14","04:31:37","2023-03-14","17:35:06","56020","4","0","1"
"142","2023-03-14 01:28:20","2023-03-14 01:28:20","Pellegrino SPA","Sesto Anastasio","Edilio a mare","2023-03-13","07:01:39","2023-03-14","06:00:42","13947","5","1","0"
"143","2023-03-14 01:28:20","2023-03-14 01:28:20","Grasso, Giordano e Donati Group","Settimo Oretta a mare","Quarto Evangelista veneto","2023-03-13","21:30:43","2023-03-14","04:40:44","10494","1","0","1"
"144","2023-03-14 01:28:20","2023-03-14 01:28:20","Testa Group","Caputo veneto","Sesto Lorenzo","2023-03-14","09:45:39","2023-03-15","16:57:51","34384","2","0","1"
"145","2023-03-14 01:28:20","2023-03-14 01:28:20","Vitali Group","Sesto nell'emilia","Settimo Evita nell'emilia","2023-03-13","06:36:25","2023-03-15","04:31:38","12437","5","1","0"
"146","2023-03-14 01:28:20","2023-03-14 01:28:20","Rizzi-D'angelo SPA","Borgo Elsa del friuli","Quarto Audenico","2023-03-13","13:34:12","2023-03-14","21:31:40","16922","4","0","0"
"147","2023-03-14 01:28:20","2023-03-14 01:28:20","Serra-Battaglia Group","Sesto Violante a mare","Quarto Ciro calabro","2023-03-14","14:44:44","2023-03-15","18:51:03","20615","10","0","0"
"148","2023-03-14 01:28:20","2023-03-14 01:28:20","Ferraro e figli","Sesto Lidia terme","Sesto Eustachio","2023-03-13","11:10:34","2023-03-13","19:07:55","10971","5","0","0"
"149","2023-03-14 01:28:20","2023-03-14 01:28:20","Gentile SPA","Settimo Gianmarco","Muzio veneto","2023-03-13","01:59:46","2023-03-13","02:57:39","25327","6","0","0"
"150","2023-03-14 01:28:20","2023-03-14 01:28:20","Mazza-Giuliani SPA","Rosita ligure","Quarto Arcibaldo lido","2023-03-13","16:03:29","2023-03-14","05:07:28","55310","6","1","1"
"151","2023-03-14 01:28:20","2023-03-14 01:28:20","Rossi Group","Sorrentino nell'emilia","Sesto Rosaria salentino","2023-03-14","18:08:58","2023-03-14","23:43:31","32580","8","1","0"
"152","2023-03-14 01:28:20","2023-03-14 01:28:20","Leone Group","Quarto Emanuel","Sesto Diana laziale","2023-03-13","14:04:08","2023-03-13","21:45:08","35147","6","0","1"
"153","2023-03-14 01:28:20","2023-03-14 01:28:20","Leone SPA","San Vienna ligure","Monti calabro","2023-03-14","12:05:46","2023-03-14","12:39:50","47114","7","1","1"
"154","2023-03-14 01:28:20","2023-03-14 01:28:20","Vitali Group","Settimo Davis","Quarto Anselmo","2023-03-13","13:53:10","2023-03-14","02:41:39","47620","9","1","1"
"155","2023-03-14 01:28:20","2023-03-14 01:28:20","Fiore Group","Quarto Carlo","Quarto Ulrico lido","2023-03-13","16:42:28","2023-03-15","03:44:47","21091","5","0","1"
"156","2023-03-14 01:28:20","2023-03-14 01:28:20","Colombo SPA","Manfredi lido","Sesto Gianantonio","2023-03-13","02:28:43","2023-03-13","03:47:17","41860","8","1","1"
"157","2023-03-14 01:28:20","2023-03-14 01:28:20","Sanna, Fontana e Messina e figli","Orfeo umbro","Grasso laziale","2023-03-15","00:43:20","2023-03-15","20:00:25","59175","2","0","0"
"158","2023-03-14 01:28:20","2023-03-14 01:28:20","Rinaldi-Rinaldi Group","Quarto Marina laziale","San Diana","2023-03-13","10:56:51","2023-03-15","03:59:26","59304","5","1","0"
"159","2023-03-14 01:28:20","2023-03-14 01:28:20","Rizzo-D'amico s.r.l.","Damico a mare","Monia a mare","2023-03-13","17:33:44","2023-03-15","18:58:05","58013","7","0","1"
"160","2023-03-14 01:28:20","2023-03-14 01:28:20","Monti, Vitali e Rossetti Group","Martini salentino","Settimo Irene veneto","2023-03-13","04:02:30","2023-03-13","07:55:41","54613","5","1","1"
"161","2023-03-14 01:28:20","2023-03-14 01:28:20","Silvestri s.r.l.","Settimo Soriana lido","Quarto Emilia","2023-03-14","22:59:12","2023-03-15","01:07:27","55518","8","1","0"
"162","2023-03-14 01:28:20","2023-03-14 01:28:20","Fontana e figli","Settimo Ortensia salentino","Settimo Violante sardo","2023-03-13","01:41:57","2023-03-14","22:14:11","15681","9","0","0"
"163","2023-03-14 01:28:20","2023-03-14 01:28:20","Testa e figli","Santoro veneto","Borgo Danuta del friuli","2023-03-13","17:20:18","2023-03-13","19:59:52","49565","7","0","1"
"164","2023-03-14 01:28:20","2023-03-14 01:28:20","Riva-De luca s.r.l.","Cattaneo veneto","Sesto Cosetta","2023-03-13","14:56:18","2023-03-15","05:21:27","11434","1","0","0"
"165","2023-03-14 01:28:20","2023-03-14 01:28:20","Bernardi, Marino e Caruso s.r.l.","Ippolito terme","Settimo Modesto","2023-03-13","04:10:50","2023-03-13","14:39:15","29500","5","1","1"
"166","2023-03-14 01:28:20","2023-03-14 01:28:20","Giuliani, Grasso e Sartori SPA","Borgo Gianmarco","Borgo Clodovea umbro","2023-03-13","13:51:03","2023-03-13","15:41:31","26792","4","1","1"
"167","2023-03-14 01:28:20","2023-03-14 01:28:20","Fiore-Rinaldi SPA","Settimo Gianleonardo","Amato del friuli","2023-03-13","09:53:51","2023-03-13","10:05:01","53782","3","1","0"
"168","2023-03-14 01:28:20","2023-03-14 01:28:20","Mancini-D'angelo Group","Artes nell'emilia","San Ursula sardo","2023-03-14","09:22:17","2023-03-14","12:25:23","39629","10","1","0"
"169","2023-03-14 01:28:20","2023-03-14 01:28:20","Rizzo SPA","Sala nell'emilia","Riva terme","2023-03-14","22:08:40","2023-03-15","18:26:21","17293","7","1","1"
"170","2023-03-14 01:28:20","2023-03-14 01:28:20","Barone e figli","San Caio nell'emilia","Coppola ligure","2023-03-13","07:31:01","2023-03-13","23:40:39","13588","4","1","0"
"171","2023-03-14 01:28:20","2023-03-14 01:28:20","Farina-Caputo s.r.l.","Mariani nell'emilia","Ferretti salentino","2023-03-13","16:36:30","2023-03-14","02:40:19","50353","1","1","1"
"172","2023-03-14 01:28:20","2023-03-14 01:28:20","Serra SPA","Shaira veneto","Borgo Tommaso del friuli","2023-03-13","16:39:47","2023-03-14","02:32:11","42966","7","1","1"
"173","2023-03-14 01:28:20","2023-03-14 01:28:20","D'amico, De Santis e De Santis e figli","Marino laziale","Sarita lido","2023-03-13","11:39:39","2023-03-15","19:46:27","35114","10","0","0"
"174","2023-03-14 01:28:20","2023-03-14 01:28:20","Bellini-Amato Group","Max ligure","Modesto ligure","2023-03-14","06:14:30","2023-03-15","10:44:09","53931","7","1","1"
"175","2023-03-14 01:28:20","2023-03-14 01:28:20","Ferrari-Messina SPA","Ruggiero veneto","Settimo Claudia","2023-03-14","01:42:23","2023-03-15","13:56:52","48203","5","1","0"
"176","2023-03-14 01:28:20","2023-03-14 01:28:20","Barone, Romano e Amato SPA","Settimo Baldassarre","Settimo Carmelo","2023-03-13","08:21:11","2023-03-15","19:10:25","19788","4","1","1"
"177","2023-03-14 01:28:20","2023-03-14 01:28:20","Ferri-Mariani Group","Quarto Pacifico","Sesto Giacinto","2023-03-13","20:28:16","2023-03-15","18:18:14","25806","9","0","0"
"178","2023-03-14 01:28:20","2023-03-14 01:28:20","Rizzi-Orlando e figli","Palmieri umbro","Sesto nell'emilia","2023-03-13","11:57:10","2023-03-14","23:04:33","41756","6","1","0"
"179","2023-03-14 01:28:20","2023-03-14 01:28:20","Sartori, Bianco e D'angelo SPA","Carmela laziale","Piccarda laziale","2023-03-13","21:23:25","2023-03-13","22:15:38","16055","6","0","0"
"180","2023-03-14 01:28:20","2023-03-14 01:28:20","De luca Group","Miriam nell'emilia","Kristel a mare","2023-03-13","10:04:45","2023-03-15","03:53:00","49283","10","0","1"
"181","2023-03-14 01:28:20","2023-03-14 01:28:20","Sartori, Galli e Guerra Group","Borgo Pablo lido","Quarto Rosalba umbro","2023-03-13","20:48:33","2023-03-14","11:52:33","43543","8","0","1"
"182","2023-03-14 01:28:20","2023-03-14 01:28:20","Marini, Bernardi e Benedetti e figli","San Terzo umbro","San Vera","2023-03-13","19:29:01","2023-03-16","00:18:44","46047","9","1","0"
"183","2023-03-14 01:28:20","2023-03-14 01:28:20","Benedetti s.r.l.","Marino sardo","Rinaldi veneto","2023-03-14","08:44:05","2023-03-15","19:50:33","20581","8","0","1"
"184","2023-03-14 01:28:20","2023-03-14 01:28:20","Carbone-Moretti s.r.l.","Testa a mare","San Piererminio sardo","2023-03-14","06:40:32","2023-03-15","10:01:52","10291","2","0","1"
"185","2023-03-14 01:28:20","2023-03-14 01:28:20","Gatti s.r.l.","Sesto Tancredi terme","Jari sardo","2023-03-14","10:04:51","2023-03-15","20:50:07","48880","9","0","0"
"186","2023-03-14 01:28:20","2023-03-14 01:28:20","Longo, Rossetti e Martinelli SPA","Sesto Alighiero terme","Bettino laziale","2023-03-13","08:18:22","2023-03-16","00:10:05","13420","7","0","1"
"187","2023-03-14 01:28:20","2023-03-14 01:28:20","Lombardi e figli","Leone del friuli","Settimo Danthon nell'emilia","2023-03-13","02:27:47","2023-03-13","02:44:08","51244","2","1","0"
"188","2023-03-14 01:28:20","2023-03-14 01:28:20","Martinelli, Ferri e Pellegrino s.r.l.","Borgo Diamante","Settimo Ivonne calabro","2023-03-13","02:07:41","2023-03-13","03:26:22","25579","9","0","1"
"189","2023-03-14 01:28:20","2023-03-14 01:28:20","Romano SPA","Settimo Matteo terme","Sesto Costantino nell'emilia","2023-03-13","01:30:19","2023-03-13","01:34:13","38227","7","1","0"
"190","2023-03-14 01:28:20","2023-03-14 01:28:20","Testa, De Santis e Villa e figli","Borgo Nico","Mancini lido","2023-03-14","01:20:45","2023-03-15","05:28:44","47495","7","0","0"
"191","2023-03-14 01:28:20","2023-03-14 01:28:20","Martinelli Group","San Quasimodo veneto","Sesto Lino","2023-03-13","14:35:03","2023-03-13","22:48:18","13977","2","0","0"
"192","2023-03-14 01:28:20","2023-03-14 01:28:20","D'angelo, Mazza e De Santis Group","Sesto Lisa terme","Borgo Marina sardo","2023-03-13","08:58:03","2023-03-13","16:18:45","13587","4","1","1"
"193","2023-03-14 01:28:20","2023-03-14 01:28:20","Fabbri, Conti e Ferrara e figli","Tolomeo calabro","Quarto Joseph nell'emilia","2023-03-13","14:54:19","2023-03-14","01:20:04","45491","9","1","0"
"194","2023-03-14 01:28:20","2023-03-14 01:28:20","Martinelli e figli","Settimo Ermes veneto","Mancini a mare","2023-03-13","23:05:25","2023-03-14","03:50:29","19478","7","1","1"
"195","2023-03-14 01:28:20","2023-03-14 01:28:20","Colombo-Lombardi Group","Secondo veneto","Sesto Ippolito laziale","2023-03-13","06:38:04","2023-03-14","23:55:48","23937","1","0","0"
"196","2023-03-14 01:28:20","2023-03-14 01:28:20","De Santis, Conte e Esposito e figli","Leone del friuli","Caputo nell'emilia","2023-03-13","19:03:07","2023-03-14","23:23:42","18558","8","0","0"
"197","2023-03-14 01:28:20","2023-03-14 01:28:20","Amato-Serra SPA","Sesto Danny","Raoul salentino","2023-03-13","18:46:52","2023-03-14","16:21:17","17172","6","1","1"
"198","2023-03-14 01:28:20","2023-03-14 01:28:20","Messina-Conti Group","Moreno ligure","Settimo Boris","2023-03-14","06:17:12","2023-03-14","11:37:00","16065","10","1","0"
"199","2023-03-14 01:28:20","2023-03-14 01:28:20","Bianchi-Marini SPA","Settimo Enzo terme","Gabriele lido","2023-03-13","04:27:14","2023-03-15","07:15:05","11169","10","0","1"
"200","2023-03-14 01:28:20","2023-03-14 01:28:20","Colombo, Farina e Fabbri Group","San Ivonne calabro","Genziana sardo","2023-03-13","17:11:28","2023-03-14","22:53:35","11300","3","1","1"
"201","2023-03-14 01:28:20","2023-03-14 01:28:20","Bruno, Damico e Martini e figli","Borgo Thea lido","Sesto Dindo","2023-03-13","06:36:10","2023-03-13","16:35:57","47004","7","0","0"
"202","2023-03-14 01:28:20","2023-03-14 01:28:20","Sartori-Bianchi e figli","Quarto Flaviana calabro","Settimo Osea","2023-03-14","03:13:46","2023-03-15","13:01:07","10304","10","0","0"
"203","2023-03-14 01:28:20","2023-03-14 01:28:20","Palmieri, Vitale e Parisi SPA","Settimo Donatella veneto","Bianco umbro","2023-03-13","22:47:33","2023-03-14","21:22:35","12100","9","0","0"
"204","2023-03-14 01:28:20","2023-03-14 01:28:20","Amato, Martino e Valentini SPA","Bianco laziale","Borgo Carmela","2023-03-13","02:38:33","2023-03-13","06:04:38","29060","1","0","0"
"205","2023-03-14 01:28:20","2023-03-14 01:28:20","Amato-Mancini e figli","Lucrezia lido","Borgo Nabil","2023-03-14","18:45:35","2023-03-15","07:41:48","12052","8","1","0"
"206","2023-03-14 01:28:20","2023-03-14 01:28:20","Martinelli, Caruso e Marino SPA","Settimo Mietta del friuli","Conti umbro","2023-03-13","07:06:17","2023-03-13","18:15:26","36868","8","1","0"
"207","2023-03-14 01:28:20","2023-03-14 01:28:20","Galli, Pagano e Mazza SPA","Settimo Caio","Testa laziale","2023-03-13","01:33:15","2023-03-14","12:10:50","46747","9","0","1"
"208","2023-03-14 01:28:20","2023-03-14 01:28:20","De rosa Group","San Mariapia","Sesto Helga veneto","2023-03-13","09:51:55","2023-03-13","14:59:54","16274","7","1","1"
"209","2023-03-14 01:28:20","2023-03-14 01:28:20","Sartori, Mancini e Ferraro e figli","Sesto Matilde laziale","Filomena lido","2023-03-13","12:52:39","2023-03-14","13:17:38","12557","8","1","0"
"210","2023-03-14 01:28:20","2023-03-14 01:28:20","Montanari, Messina e Mazza e figli","De Angelis salentino","Romano del friuli","2023-03-13","17:43:54","2023-03-14","12:09:25","51748","10","1","1"
"211","2023-03-14 01:28:20","2023-03-14 01:28:20","Testa, Bianco e Grasso s.r.l.","Settimo Germano salentino","Russo lido","2023-03-13","10:09:32","2023-03-15","17:52:05","33396","10","1","1"
"212","2023-03-14 01:28:20","2023-03-14 01:28:20","Fontana, Farina e Palumbo Group","Piras ligure","De Santis laziale","2023-03-14","01:22:20","2023-03-15","17:41:50","13050","6","0","1"
"213","2023-03-14 01:28:20","2023-03-14 01:28:20","Giuliani-Sorrentino SPA","Conte ligure","Fiore nell'emilia","2023-03-13","07:15:45","2023-03-15","00:31:34","41955","8","0","1"
"214","2023-03-14 01:28:20","2023-03-14 01:28:20","Ferraro Group","Matilde veneto","Ferrari salentino","2023-03-13","13:27:15","2023-03-13","17:40:57","52004","3","1","0"
"215","2023-03-14 01:28:20","2023-03-14 01:28:20","Palmieri, Romano e Ferretti SPA","Riva lido","Sesto Lisa","2023-03-14","05:10:15","2023-03-14","07:54:19","12932","6","0","1"
"216","2023-03-14 01:28:20","2023-03-14 01:28:20","Piras-De luca SPA","Settimo Rosalino","Quarto Marina umbro","2023-03-14","23:41:57","2023-03-15","01:07:20","53563","8","0","0"
"217","2023-03-14 01:28:20","2023-03-14 01:28:20","D'angelo-Basile s.r.l.","Violante calabro","Sasha calabro","2023-03-13","20:41:06","2023-03-15","16:18:15","25607","10","0","1"
"218","2023-03-14 01:28:20","2023-03-14 01:28:20","Ferraro-Grasso Group","Settimo Irene veneto","Borgo Damiana terme","2023-03-13","03:34:25","2023-03-13","04:21:07","43566","10","1","1"
"219","2023-03-14 01:28:20","2023-03-14 01:28:20","Gentile, Montanari e Martino SPA","Laura nell'emilia","Borgo Alighieri a mare","2023-03-14","07:16:44","2023-03-14","10:01:08","52967","2","0","0"
"220","2023-03-14 01:28:20","2023-03-14 01:28:20","Amato s.r.l.","Borgo Violante lido","Quarto Arduino","2023-03-13","14:10:20","2023-03-14","00:46:39","45963","2","1","1"
"221","2023-03-14 01:28:20","2023-03-14 01:28:20","Palumbo, Donati e Testa Group","Settimo Gianmaria salentino","Quarto Maria calabro","2023-03-13","04:25:58","2023-03-14","19:38:39","37737","1","0","0"
"222","2023-03-14 01:28:20","2023-03-14 01:28:20","Esposito-Marino SPA","Borgo Valdo","Sesto Rosalba nell'emilia","2023-03-14","08:12:57","2023-03-15","08:20:48","22716","8","1","0"
"223","2023-03-14 01:28:20","2023-03-14 01:28:20","Grasso s.r.l.","Quarto Ilario","Settimo Ivonne laziale","2023-03-13","07:56:48","2023-03-14","09:13:52","24640","6","0","0"
"224","2023-03-14 01:28:20","2023-03-14 01:28:20","Pellegrini-Messina SPA","San Eufemia sardo","Erminia terme","2023-03-13","06:34:11","2023-03-13","08:28:27","13576","1","1","1"
"225","2023-03-14 01:28:20","2023-03-14 01:28:20","Caputo-Morelli Group","Adriano lido","Barone a mare","2023-03-13","07:14:06","2023-03-15","21:39:37","53176","4","0","1"
"226","2023-03-14 01:28:20","2023-03-14 01:28:20","Colombo, Caputo e Negri SPA","Settimo Renato laziale","San Gastone","2023-03-13","04:12:06","2023-03-13","09:27:22","31612","1","0","0"
"227","2023-03-14 01:28:20","2023-03-14 01:28:20","Marini-Grasso s.r.l.","Giancarlo salentino","Mariani terme","2023-03-14","05:53:24","2023-03-15","09:23:04","27901","2","1","0"
"228","2023-03-14 01:28:20","2023-03-14 01:28:20","Rossetti-Ferrari Group","Rebecca terme","San Guendalina terme","2023-03-13","04:12:48","2023-03-13","10:53:30","35448","6","1","1"
"229","2023-03-14 01:28:20","2023-03-14 01:28:20","Leone, De rosa e Barbieri s.r.l.","Ingrid lido","San Boris","2023-03-13","04:25:00","2023-03-13","07:52:01","45024","6","0","1"
"230","2023-03-14 01:28:20","2023-03-14 01:28:20","Bianco-Martini SPA","Borgo Amedeo ligure","Borgo Mariagiulia umbro","2023-03-14","00:39:54","2023-03-16","00:33:38","34178","4","0","1"
"231","2023-03-14 01:28:20","2023-03-14 01:28:20","Amato, Bernardi e Barbieri SPA","Sesto Eusebio veneto","Mariapia salentino","2023-03-13","04:51:36","2023-03-15","23:29:45","37555","6","0","1"
"232","2023-03-14 01:28:20","2023-03-14 01:28:20","Ferrara-Rizzi e figli","Quarto Elga veneto","Pablo umbro","2023-03-13","23:13:15","2023-03-15","06:20:03","17309","7","0","1"
"233","2023-03-14 01:28:20","2023-03-14 01:28:20","De Angelis Group","San Penelope","Borgo Elda veneto","2023-03-13","04:01:21","2023-03-15","14:17:30","25992","7","0","1"
"234","2023-03-14 01:28:20","2023-03-14 01:28:20","Bianchi e figli","Borgo Gabriele","Gianantonio terme","2023-03-13","05:27:13","2023-03-15","16:21:49","34737","8","0","1"
"235","2023-03-14 01:28:20","2023-03-14 01:28:20","Rossetti-Donati Group","Ferrari sardo","Ausonio terme","2023-03-13","22:20:56","2023-03-14","05:24:29","27953","2","0","1"
"236","2023-03-14 01:28:20","2023-03-14 01:28:20","Serra-Barone SPA","Colombo lido","Elga del friuli","2023-03-14","21:08:37","2023-03-15","12:32:53","38239","5","0","0"
"237","2023-03-14 01:28:20","2023-03-14 01:28:20","Esposito-Colombo Group","Flavio salentino","San Miriam veneto","2023-03-13","03:48:23","2023-03-13","04:19:16","56030","5","1","0"
"238","2023-03-14 01:28:20","2023-03-14 01:28:20","Santoro-Bianco SPA","Borgo Matilde","Settimo Timothy","2023-03-13","01:50:30","2023-03-13","02:40:28","20881","8","0","1"
"239","2023-03-14 01:28:20","2023-03-14 01:28:20","Lombardi-Ferretti e figli","Vitali calabro","Demis nell'emilia","2023-03-14","06:59:47","2023-03-15","09:07:08","57685","3","0","1"
"240","2023-03-14 01:28:20","2023-03-14 01:28:20","Orlando, Sala e Orlando s.r.l.","Sesto Mercedes laziale","Testa calabro","2023-03-13","14:21:47","2023-03-14","10:30:32","55823","7","0","0"
"241","2023-03-14 01:28:20","2023-03-14 01:28:20","Moretti-Martinelli e figli","Quarto Giovanna","Milani del friuli","2023-03-13","07:53:59","2023-03-13","16:36:15","56470","6","0","1"
"242","2023-03-14 01:28:20","2023-03-14 01:28:20","Sorrentino s.r.l.","Sesto Loretta","Enrica del friuli","2023-03-14","18:19:12","2023-03-15","08:08:15","24367","2","0","1"
"243","2023-03-14 01:28:20","2023-03-14 01:28:20","Fontana, Mazza e Palmieri Group","Borgo Rosaria","Borgo Abramo sardo","2023-03-14","11:48:53","2023-03-14","13:43:00","16384","4","0","1"
"244","2023-03-14 01:28:20","2023-03-14 01:28:20","Giordano-Grasso SPA","Borgo Loredana lido","Giuliani lido","2023-03-13","01:41:11","2023-03-13","06:15:55","45251","5","0","1"
"245","2023-03-14 01:28:20","2023-03-14 01:28:20","Vitale-Marini s.r.l.","Folco salentino","Odone terme","2023-03-13","05:52:39","2023-03-13","14:14:52","49553","9","0","0"
"246","2023-03-14 01:28:20","2023-03-14 01:28:20","De luca, Vitali e Riva Group","Evangelista terme","Borgo Ninfa","2023-03-13","01:49:09","2023-03-15","17:20:44","35353","9","0","0"
"247","2023-03-14 01:28:20","2023-03-14 01:28:20","Marino-D'amico s.r.l.","Quarto Felicia salentino","Noemi del friuli","2023-03-13","14:11:38","2023-03-14","16:45:08","11256","8","0","0"
"248","2023-03-14 01:28:20","2023-03-14 01:28:20","Vitale, Sorrentino e Piras Group","San Quarto","Quarto Enrica","2023-03-13","20:29:57","2023-03-14","14:40:18","16536","7","0","1"
"249","2023-03-14 01:28:20","2023-03-14 01:28:20","Santoro Group","Rossetti ligure","Quarto Damiana a mare","2023-03-13","06:11:53","2023-03-13","11:16:56","32388","10","0","1"
"250","2023-03-14 01:28:20","2023-03-14 01:28:20","Vitali-Colombo Group","Morelli del friuli","Settimo Nadir","2023-03-13","08:52:22","2023-03-14","02:35:22","13731","8","1","1"
"251","2023-03-14 01:28:20","2023-03-14 01:28:20","Mazza-Silvestri SPA","Quarto Mietta terme","Sesto Joshua","2023-03-14","14:50:31","2023-03-15","07:18:45","29391","4","1","1"
"252","2023-03-14 01:28:20","2023-03-14 01:28:20","Mariani s.r.l.","Mirko terme","Borgo Silverio lido","2023-03-13","12:29:54","2023-03-15","09:41:54","51395","9","1","0"
"253","2023-03-14 01:28:20","2023-03-14 01:28:20","Gatti s.r.l.","Jelena umbro","San Oretta","2023-03-14","18:36:38","2023-03-15","06:00:21","51193","8","0","0"
"254","2023-03-14 01:28:20","2023-03-14 01:28:20","Gatti Group","D'amico ligure","Settimo Danuta lido","2023-03-14","18:20:54","2023-03-15","08:44:13","56304","6","0","1"
"255","2023-03-14 01:28:20","2023-03-14 01:28:20","Romano SPA","Sesto Carmela","Ruth a mare","2023-03-13","03:16:38","2023-03-15","13:59:51","35467","6","1","1"
"256","2023-03-14 01:28:20","2023-03-14 01:28:20","Mazza s.r.l.","Quarto Loretta sardo","Sesto Jack umbro","2023-03-14","03:56:48","2023-03-14","05:25:39","30809","2","1","1"
"257","2023-03-14 01:28:20","2023-03-14 01:28:20","Sartori s.r.l.","Cosetta a mare","Settimo Lamberto","2023-03-13","01:47:58","2023-03-15","20:26:27","13240","2","0","0"
"258","2023-03-14 01:28:20","2023-03-14 01:28:20","Ferrara-Rizzo Group","Martinelli calabro","Russo a mare","2023-03-13","16:31:36","2023-03-14","12:44:21","21081","6","0","0"
"259","2023-03-14 01:28:20","2023-03-14 01:28:20","Pellegrino-Colombo s.r.l.","Settimo Nunzia laziale","Piccarda nell'emilia","2023-03-13","07:10:40","2023-03-13","13:21:56","49798","8","0","1"
"260","2023-03-14 01:28:20","2023-03-14 01:28:20","Valentini, Fabbri e Morelli SPA","Felicia ligure","Sesto Ivonne","2023-03-13","15:46:35","2023-03-13","16:53:51","52490","6","1","1"
"261","2023-03-14 01:28:20","2023-03-14 01:28:20","Donati SPA","Quarto Piccarda salentino","Quarto Antonino","2023-03-13","02:59:15","2023-03-15","04:44:42","21558","2","0","0"
"262","2023-03-14 01:28:20","2023-03-14 01:28:20","De luca s.r.l.","Borgo Sebastian calabro","Vitale del friuli","2023-03-13","10:21:19","2023-03-13","18:15:07","30654","1","0","0"
"263","2023-03-14 01:28:20","2023-03-14 01:28:20","Costantini Group","Quarto Cira","Sesto Fiorentino","2023-03-15","00:46:09","2023-03-16","00:58:13","45735","10","0","0"
"264","2023-03-14 01:28:20","2023-03-14 01:28:20","Mariani Group","Settimo Grazia","Borgo Ingrid lido","2023-03-13","03:05:12","2023-03-15","17:59:57","43940","4","0","1"
"265","2023-03-14 01:28:20","2023-03-14 01:28:20","Montanari, Marchetti e Neri s.r.l.","Rosalba terme","Oreste laziale","2023-03-13","05:00:38","2023-03-15","04:38:52","30517","7","0","1"
"266","2023-03-14 01:28:20","2023-03-14 01:28:20","Serra, Lombardo e Palmieri s.r.l.","Jacopo del friuli","Ruth lido","2023-03-14","04:55:34","2023-03-14","18:38:19","55624","10","0","1"
"267","2023-03-14 01:28:20","2023-03-14 01:28:20","Martino-Serra SPA","Vera salentino","Caio lido","2023-03-13","16:41:47","2023-03-13","21:19:13","25041","2","0","1"
"268","2023-03-14 01:28:20","2023-03-14 01:28:20","Rinaldi Group","Sesto Noemi lido","Settimo Eriberto","2023-03-14","02:44:23","2023-03-15","10:15:48","31964","6","1","0"
"269","2023-03-14 01:28:20","2023-03-14 01:28:20","Grasso, Fiore e Neri Group","Settimo Tosca a mare","Manfredi salentino","2023-03-13","03:40:12","2023-03-13","06:38:38","37278","9","0","1"
"270","2023-03-14 01:28:20","2023-03-14 01:28:20","D'amico-Donati SPA","Settimo Albino","Sesto Iacopo","2023-03-14","14:22:09","2023-03-14","16:53:43","53633","6","1","1"
"271","2023-03-14 01:28:20","2023-03-14 01:28:20","Barone s.r.l.","Vitale laziale","Enzo a mare","2023-03-14","10:21:04","2023-03-14","17:01:02","55811","9","1","0"
"272","2023-03-14 01:28:20","2023-03-14 01:28:20","Sala-Sartori s.r.l.","Diamante laziale","Rossetti a mare","2023-03-13","07:21:49","2023-03-13","12:01:37","19058","1","0","0"
"273","2023-03-14 01:28:20","2023-03-14 01:28:20","Pagano e figli","Naomi laziale","Sesto Piersilvio umbro","2023-03-13","21:50:56","2023-03-13","21:59:31","21797","7","0","1"
"274","2023-03-14 01:28:20","2023-03-14 01:28:20","Pagano-Sanna SPA","Samira laziale","Costantino ligure","2023-03-13","01:48:29","2023-03-13","04:47:15","34327","5","0","0"
"275","2023-03-14 01:28:20","2023-03-14 01:28:20","Conte-Leone e figli","Quarto Demi","San Michael nell'emilia","2023-03-14","22:05:44","2023-03-15","09:57:41","17843","5","1","0"
"276","2023-03-14 01:28:20","2023-03-14 01:28:20","Greco Group","Quarto Danny","Ruggiero terme","2023-03-13","02:44:52","2023-03-15","09:44:03","24560","6","1","1"
"277","2023-03-14 01:28:20","2023-03-14 01:28:20","Sanna-Gallo s.r.l.","Cattaneo nell'emilia","Quarto Terzo a mare","2023-03-13","15:50:41","2023-03-13","20:00:56","32690","2","0","0"
"278","2023-03-14 01:28:20","2023-03-14 01:28:20","Donati-Fiore s.r.l.","Elsa a mare","Caruso umbro","2023-03-13","10:07:12","2023-03-14","13:13:28","53909","1","0","1"
"279","2023-03-14 01:28:20","2023-03-14 01:28:20","De luca, Donati e Ferrari e figli","Isabel terme","Palumbo lido","2023-03-13","02:20:44","2023-03-14","17:23:21","26081","8","0","0"
"280","2023-03-14 01:28:20","2023-03-14 01:28:20","Marchetti e figli","San Vinicio calabro","Farina laziale","2023-03-14","18:07:40","2023-03-15","11:29:42","41595","8","0","1"
"281","2023-03-14 01:28:20","2023-03-14 01:28:20","Ferrara Group","Settimo Emidio sardo","Quarto Gianmarco umbro","2023-03-13","06:44:36","2023-03-14","23:06:53","57742","4","1","1"
"282","2023-03-14 01:28:20","2023-03-14 01:28:20","Parisi, Cattaneo e Parisi SPA","Quarto Monia a mare","Sesto Loredana","2023-03-14","06:41:33","2023-03-14","12:16:08","50432","8","1","1"
"283","2023-03-14 01:28:20","2023-03-14 01:28:20","Esposito-Neri s.r.l.","Settimo Patrizio","Settimo Demi","2023-03-13","02:51:49","2023-03-15","03:06:25","56695","6","1","0"
"284","2023-03-14 01:28:20","2023-03-14 01:28:20","Battaglia SPA","Quarto Xavier","Loris nell'emilia","2023-03-14","21:22:09","2023-03-15","19:19:25","20596","2","0","1"
"285","2023-03-14 01:28:20","2023-03-14 01:28:20","Fiore, Pellegrini e Donati Group","Caruso sardo","Sesto Bibiana laziale","2023-03-13","07:53:06","2023-03-15","16:11:44","49848","3","0","1"
"286","2023-03-14 01:28:20","2023-03-14 01:28:20","Farina-Esposito e figli","Fabiano salentino","Quarto Mariapia","2023-03-14","08:57:29","2023-03-15","19:12:33","27577","3","0","1"
"287","2023-03-14 01:28:20","2023-03-14 01:28:20","Sanna, Riva e Mancini Group","Sesto Max ligure","Nunzia terme","2023-03-13","04:36:45","2023-03-13","12:22:59","56499","5","0","1"
"288","2023-03-14 01:28:20","2023-03-14 01:28:20","Guerra, Moretti e Morelli Group","Borgo Giobbe","Marini ligure","2023-03-13","02:27:07","2023-03-13","12:44:00","10063","10","0","1"
"289","2023-03-14 01:28:20","2023-03-14 01:28:20","Rizzo, Messina e Cattaneo e figli","Basile a mare","Folco ligure","2023-03-14","10:48:51","2023-03-14","20:56:18","59790","3","1","0"
"290","2023-03-14 01:28:20","2023-03-14 01:28:20","Russo-De Angelis SPA","Lazzaro veneto","Settimo Carmela salentino","2023-03-13","09:38:26","2023-03-13","09:57:18","55152","5","0","1"
"291","2023-03-14 01:28:20","2023-03-14 01:28:20","Galli s.r.l.","Rodolfo lido","Montanari veneto","2023-03-14","12:57:24","2023-03-15","15:26:17","29494","6","0","1"
"292","2023-03-14 01:28:20","2023-03-14 01:28:20","Orlando, Conti e Ferraro Group","Rosolino nell'emilia","Tommaso a mare","2023-03-14","19:23:23","2023-03-15","01:58:08","24300","3","1","1"
"293","2023-03-14 01:28:20","2023-03-14 01:28:20","Fontana-Benedetti e figli","Kociss calabro","San Ortensia del friuli","2023-03-13","05:22:23","2023-03-14","00:27:01","53577","9","0","0"
"294","2023-03-14 01:28:20","2023-03-14 01:28:20","Conte, Sorrentino e De rosa Group","Sala ligure","San Jack salentino","2023-03-13","03:46:06","2023-03-14","12:33:59","20651","5","1","0"
"295","2023-03-14 01:28:20","2023-03-14 01:28:20","Bianco, Guerra e Mancini SPA","Amedeo ligure","Bianchi nell'emilia","2023-03-13","06:49:05","2023-03-13","16:13:01","20601","1","1","1"
"296","2023-03-14 01:28:20","2023-03-14 01:28:20","Rizzi-Costa Group","Quarto Liborio","San Dimitri veneto","2023-03-13","07:01:38","2023-03-14","22:04:59","59102","7","1","1"
"297","2023-03-14 01:28:20","2023-03-14 01:28:20","Bruno, Galli e Fiore Group","Borgo Edvige","Quarto Helga salentino","2023-03-13","03:16:52","2023-03-13","18:46:45","57120","4","0","0"
"298","2023-03-14 01:28:20","2023-03-14 01:28:20","De Santis e figli","Sesto Albino","Sartori veneto","2023-03-14","22:31:49","2023-03-15","12:22:03","49665","1","0","1"
"299","2023-03-14 01:28:20","2023-03-14 01:28:20","Villa Group","San Walter lido","Bernardo terme","2023-03-13","04:04:08","2023-03-13","22:33:16","40241","1","1","1"
"300","2023-03-14 01:28:20","2023-03-14 01:28:20","D'angelo, Gentile e Costantini Group","Fabbri calabro","Borgo Ingrid","2023-03-13","12:04:55","2023-03-13","21:39:05","31684","9","1","1"
"301","2023-03-14 01:28:20","2023-03-14 01:28:20","Colombo e figli","Costanzo ligure","San Diana veneto","2023-03-13","20:05:36","2023-03-14","14:18:18","52070","1","0","1"
"302","2023-03-14 01:28:20","2023-03-14 01:28:20","Sala-Rinaldi SPA","Quarto Ausonio","Settimo Carlo","2023-03-13","18:44:40","2023-03-14","04:00:18","34624","9","0","1"
"303","2023-03-14 01:28:20","2023-03-14 01:28:20","D'amico, Bellini e Parisi s.r.l.","Borgo Evita","Ivano umbro","2023-03-13","20:14:31","2023-03-15","07:12:24","18545","7","0","0"
"304","2023-03-14 01:28:20","2023-03-14 01:28:20","Silvestri s.r.l.","Negri sardo","Danuta laziale","2023-03-13","15:08:16","2023-03-13","16:21:06","42353","3","1","0"
"305","2023-03-14 01:28:20","2023-03-14 01:28:20","Riva-Longo SPA","Borgo Thea","Elga ligure","2023-03-13","19:29:50","2023-03-13","20:12:40","12455","8","0","1"
"306","2023-03-14 01:28:20","2023-03-14 01:28:20","Valentini s.r.l.","Quarto Hector","Odino terme","2023-03-13","23:35:13","2023-03-15","07:48:38","32771","4","0","1"
"307","2023-03-14 01:28:20","2023-03-14 01:28:20","Montanari e figli","Romeo ligure","Quarto Danny veneto","2023-03-13","17:43:02","2023-03-13","18:32:37","51112","5","0","1"
"308","2023-03-14 01:28:20","2023-03-14 01:28:20","Fiore, Valentini e Mariani e figli","San Loredana veneto","San Gianleonardo","2023-03-13","10:03:54","2023-03-14","18:29:20","45752","8","1","0"
"309","2023-03-14 01:28:20","2023-03-14 01:28:20","Lombardi-Esposito SPA","Quarto Antonio","Borgo Matilde","2023-03-13","02:15:23","2023-03-13","03:51:28","22619","4","1","1"
"310","2023-03-14 01:28:20","2023-03-14 01:28:20","Donati, Gallo e Bianco Group","San Serse","Quarto Vera ligure","2023-03-13","03:25:55","2023-03-13","07:47:23","52452","10","1","0"
"311","2023-03-14 01:28:20","2023-03-14 01:28:20","Basile-Santoro s.r.l.","San Cristyn veneto","Artemide sardo","2023-03-13","14:18:51","2023-03-14","15:27:49","28541","10","0","1"
"312","2023-03-14 01:28:20","2023-03-14 01:28:20","Carbone e figli","Rossetti veneto","Settimo Alighiero","2023-03-14","20:55:47","2023-03-15","16:01:00","44435","8","0","1"
"313","2023-03-14 01:28:20","2023-03-14 01:28:20","Milani, Santoro e Mancini e figli","Kai salentino","Muzio a mare","2023-03-13","03:23:24","2023-03-13","04:42:07","27706","8","1","0"
"314","2023-03-14 01:28:20","2023-03-14 01:28:20","Pellegrini, Battaglia e Galli Group","San Dindo sardo","Martini a mare","2023-03-14","22:06:54","2023-03-15","14:19:33","19718","8","1","1"
"315","2023-03-14 01:28:20","2023-03-14 01:28:20","Sanna SPA","Sala veneto","Selvaggia salentino","2023-03-13","23:05:41","2023-03-15","03:31:51","12747","5","0","0"
"316","2023-03-14 01:28:20","2023-03-14 01:28:20","De Santis, Giordano e Messina s.r.l.","Damico a mare","Russo nell'emilia","2023-03-14","07:39:01","2023-03-15","17:25:54","54966","1","1","1"
"317","2023-03-14 01:28:20","2023-03-14 01:28:20","Conte, Marini e Sanna SPA","San Rosaria","Settimo Nadir","2023-03-13","03:19:34","2023-03-13","11:46:00","55711","7","1","0"
"318","2023-03-14 01:28:20","2023-03-14 01:28:20","Leone Group","Sesto Miriam","Quarto Ione nell'emilia","2023-03-13","08:06:15","2023-03-14","00:07:25","21261","9","0","1"
"319","2023-03-14 01:28:20","2023-03-14 01:28:20","Ferrari, D'angelo e Morelli s.r.l.","San Monia terme","Settimo Ruth","2023-03-14","02:24:01","2023-03-15","19:34:54","18641","3","0","1"
"320","2023-03-14 01:28:20","2023-03-14 01:28:20","Sartori, Basile e Grassi SPA","Settimo Celeste","Sesto Elsa nell'emilia","2023-03-13","08:45:58","2023-03-15","05:15:34","24992","7","0","0"
"321","2023-03-14 01:28:20","2023-03-14 01:28:20","D'amico Group","Messina calabro","San Ercole","2023-03-13","23:25:54","2023-03-15","19:22:57","54633","6","0","0"
"322","2023-03-14 01:28:20","2023-03-14 01:28:20","Orlando SPA","Marini terme","Settimo Mirco del friuli","2023-03-13","15:39:40","2023-03-14","09:12:15","24525","9","1","0"
"323","2023-03-14 01:28:20","2023-03-14 01:28:20","Grassi, Ferri e Negri s.r.l.","Sesto Eriberto","Quarto Guendalina","2023-03-13","12:36:47","2023-03-13","22:04:39","41481","7","1","1"
"324","2023-03-14 01:28:20","2023-03-14 01:28:20","Negri Group","Marvin a mare","Quarto Elga ligure","2023-03-14","17:53:52","2023-03-15","07:02:38","15001","9","1","1"
"325","2023-03-14 01:28:20","2023-03-14 01:28:20","Piras, Ferrara e De Angelis s.r.l.","Settimo Graziano terme","Gentile umbro","2023-03-14","09:05:08","2023-03-14","10:00:20","39561","4","1","0"
"326","2023-03-14 01:28:20","2023-03-14 01:28:20","Battaglia SPA","Grasso salentino","Battista calabro","2023-03-13","04:23:42","2023-03-13","16:01:01","56156","10","0","0"
"327","2023-03-14 01:28:20","2023-03-14 01:28:20","Giordano Group","Erminia a mare","Fatima nell'emilia","2023-03-14","05:55:00","2023-03-14","09:22:17","13818","5","1","0"
"328","2023-03-14 01:28:20","2023-03-14 01:28:20","De luca s.r.l.","San Mirko laziale","Davide veneto","2023-03-14","21:31:35","2023-03-16","01:10:44","30658","10","0","0"
"329","2023-03-14 01:28:20","2023-03-14 01:28:20","Grassi-Grasso SPA","Borgo Miriana veneto","Costa terme","2023-03-13","04:35:23","2023-03-13","17:24:02","27911","10","1","1"
"330","2023-03-14 01:28:20","2023-03-14 01:28:20","Grasso, Vitali e Greco e figli","Elda umbro","Basile terme","2023-03-14","12:36:09","2023-03-14","22:48:21","38899","2","1","1"
"331","2023-03-14 01:28:20","2023-03-14 01:28:20","Conte, Bruno e Amato SPA","Quarto Quasimodo","Danthon terme","2023-03-13","03:05:33","2023-03-13","09:50:13","24212","4","1","1"
"332","2023-03-14 01:28:20","2023-03-14 01:28:20","Pellegrino Group","Cattaneo a mare","Borgo Evita","2023-03-13","18:24:21","2023-03-14","05:08:27","29963","9","1","0"
"333","2023-03-14 01:28:20","2023-03-14 01:28:20","Moretti-Carbone s.r.l.","Caio ligure","Ruth umbro","2023-03-13","03:44:05","2023-03-14","16:02:43","41676","10","1","0"
"334","2023-03-14 01:28:20","2023-03-14 01:28:20","Bruno, Rizzo e Rizzi s.r.l.","Vitalba sardo","Giuliani calabro","2023-03-14","20:50:03","2023-03-14","21:50:25","33533","6","1","0"
"335","2023-03-14 01:28:20","2023-03-14 01:28:20","Marchetti-Gallo Group","Ione calabro","Borgo Thea","2023-03-13","05:57:02","2023-03-13","08:55:57","53052","2","1","1"
"336","2023-03-14 01:28:20","2023-03-14 01:28:20","Coppola-Rossetti Group","Pellegrini veneto","Settimo Sabatino","2023-03-13","09:50:10","2023-03-13","19:26:00","29199","6","0","1"
"337","2023-03-14 01:28:20","2023-03-14 01:28:20","Negri, Ferraro e Bernardi s.r.l.","Quarto Loredana","Ferretti umbro","2023-03-13","05:35:28","2023-03-13","07:19:31","17538","1","0","1"
"338","2023-03-14 01:28:20","2023-03-14 01:28:20","Ferrari, Ricci e Sanna e figli","Grasso del friuli","Quarto Lucia terme","2023-03-14","10:41:37","2023-03-15","00:25:10","34621","5","1","1"
"339","2023-03-14 01:28:20","2023-03-14 01:28:20","Caputo SPA","Settimo Giulio salentino","Sesto Loredana umbro","2023-03-13","04:07:31","2023-03-13","09:22:49","41258","6","1","0"
"340","2023-03-14 01:28:20","2023-03-14 01:28:20","Guerra-Amato Group","Guerra del friuli","Quarto Nestore","2023-03-13","11:51:44","2023-03-15","01:38:50","37454","1","0","0"
"341","2023-03-14 01:28:20","2023-03-14 01:28:20","Grasso, Caputo e Lombardi s.r.l.","Shaira umbro","Settimo Edilio","2023-03-13","01:43:28","2023-03-14","07:20:21","51447","7","1","1"
"342","2023-03-14 01:28:20","2023-03-14 01:28:20","Ferrara, Guerra e Mancini Group","Enzo terme","Clea ligure","2023-03-13","12:47:37","2023-03-15","15:01:57","30575","1","0","0"
"343","2023-03-14 01:28:20","2023-03-14 01:28:20","Galli, Sala e Parisi Group","Gentile umbro","Giordano lido","2023-03-14","10:55:10","2023-03-15","23:29:36","15377","2","0","1"
"344","2023-03-14 01:28:20","2023-03-14 01:28:20","Milani, Parisi e Monti s.r.l.","Quarto Cleros","Settimo Maika terme","2023-03-13","03:27:09","2023-03-13","04:57:18","59708","7","1","0"
"345","2023-03-14 01:28:20","2023-03-14 01:28:20","Rinaldi-Moretti Group","Borgo Diamante terme","Oreste sardo","2023-03-13","02:26:07","2023-03-13","07:34:35","56037","6","1","0"
"346","2023-03-14 01:28:20","2023-03-14 01:28:20","De Santis-Pellegrini SPA","Grassi calabro","Sesto Dindo","2023-03-13","01:51:55","2023-03-13","09:39:20","52883","5","1","1"
"347","2023-03-14 01:28:20","2023-03-14 01:28:20","Marchetti Group","Damiana umbro","Bianchi ligure","2023-03-14","17:29:08","2023-03-15","02:14:25","28883","2","1","1"
"348","2023-03-14 01:28:20","2023-03-14 01:28:20","Farina-Caputo s.r.l.","Aroldo calabro","Quarto Prisca","2023-03-13","12:48:06","2023-03-14","06:11:37","29476","1","0","1"
"349","2023-03-14 01:28:20","2023-03-14 01:28:20","Guerra Group","Vitalba laziale","Borgo Giacinta","2023-03-13","04:35:19","2023-03-13","04:48:25","35192","3","1","1"
"350","2023-03-14 01:28:20","2023-03-14 01:28:20","Lombardi e figli","Ferrari terme","San Alessandro","2023-03-13","02:34:04","2023-03-13","03:48:18","22800","7","0","1"
"351","2023-03-14 01:28:20","2023-03-14 01:28:20","Marini Group","Barone nell'emilia","Quarto Gianriccardo","2023-03-13","08:51:42","2023-03-13","09:31:15","59270","7","1","1"
"352","2023-03-14 01:28:20","2023-03-14 01:28:20","Monti, Palmieri e Barbieri Group","Silvestri ligure","Settimo Elsa salentino","2023-03-14","04:27:32","2023-03-15","13:11:26","59775","8","0","0"
"353","2023-03-14 01:28:20","2023-03-14 01:28:20","Coppola SPA","Ursula sardo","Borgo Michael","2023-03-13","13:13:27","2023-03-13","13:47:33","48011","1","0","1"
"354","2023-03-14 01:28:20","2023-03-14 01:28:20","Testa Group","Villa umbro","Loretta ligure","2023-03-13","05:53:55","2023-03-15","15:33:29","16155","10","0","1"
"355","2023-03-14 01:28:20","2023-03-14 01:28:20","Benedetti s.r.l.","Coppola sardo","Sue ellen veneto","2023-03-14","13:34:36","2023-03-15","13:11:43","21507","10","1","1"
"356","2023-03-14 01:28:20","2023-03-14 01:28:20","Silvestri, Piras e Negri SPA","Settimo Luce","Sesto Gerlando terme","2023-03-13","05:51:06","2023-03-13","10:10:53","26202","3","1","1"
"357","2023-03-14 01:28:20","2023-03-14 01:28:20","Rizzi, Testa e Grasso s.r.l.","San Erminia","Sesto Quasimodo ligure","2023-03-13","05:41:02","2023-03-13","19:18:27","44858","4","0","0"
"358","2023-03-14 01:28:20","2023-03-14 01:28:20","Martino s.r.l.","Santoro sardo","Settimo Sabatino","2023-03-14","12:13:51","2023-03-15","13:21:07","53134","5","0","0"
"359","2023-03-14 01:28:20","2023-03-14 01:28:20","Negri, Serra e Ferrari e figli","Quarto Eufemia","Sesto Rosaria","2023-03-13","15:49:22","2023-03-15","15:12:28","22395","5","0","0"
"360","2023-03-14 01:28:20","2023-03-14 01:28:20","Grassi, Bellini e Martino Group","Bellini sardo","Sesto Ivano calabro","2023-03-14","22:47:00","2023-03-15","07:15:27","31725","5","0","1"
"361","2023-03-14 01:28:20","2023-03-14 01:28:20","Lombardi SPA","Arduino a mare","Sesto Lidia calabro","2023-03-13","10:29:01","2023-03-15","20:18:37","10788","9","0","1"
"362","2023-03-14 01:28:20","2023-03-14 01:28:20","Donati SPA","Settimo Artemide","Sesto Diamante","2023-03-14","21:10:34","2023-03-15","22:20:59","57726","9","1","0"
"363","2023-03-14 01:28:20","2023-03-14 01:28:20","Giuliani-Parisi s.r.l.","Quarto Lisa umbro","San Odone nell'emilia","2023-03-13","02:59:29","2023-03-15","17:24:43","18964","8","1","1"
"364","2023-03-14 01:28:20","2023-03-14 01:28:20","Villa e figli","Borgo Selvaggia","Settimo Ethan calabro","2023-03-13","06:16:02","2023-03-13","08:50:52","55911","7","1","1"
"365","2023-03-14 01:28:20","2023-03-14 01:28:20","Cattaneo-Orlando Group","Parisi lido","San Sue ellen lido","2023-03-13","10:11:22","2023-03-13","13:46:27","45174","4","0","0"
"366","2023-03-14 01:28:21","2023-03-14 01:28:21","Marchetti-Mancini SPA","Martini del friuli","Noemi sardo","2023-03-13","08:31:43","2023-03-13","15:23:45","59775","3","1","0"
"367","2023-03-14 01:28:21","2023-03-14 01:28:21","Lombardi-De luca e figli","Ariel veneto","Sanna del friuli","2023-03-13","16:11:45","2023-03-13","16:14:48","42048","5","1","0"
"368","2023-03-14 01:28:21","2023-03-14 01:28:21","Martino SPA","Montanari sardo","Settimo Rita","2023-03-14","13:59:12","2023-03-15","22:59:42","25126","4","1","1"
"369","2023-03-14 01:28:21","2023-03-14 01:28:21","Grasso SPA","Rossi a mare","Quarto Alan nell'emilia","2023-03-13","08:23:06","2023-03-14","09:54:13","31520","9","0","0"
"370","2023-03-14 01:28:21","2023-03-14 01:28:21","Ricci-Giordano s.r.l.","Russo del friuli","Donatella terme","2023-03-13","16:28:39","2023-03-13","22:18:43","22751","9","1","0"
"371","2023-03-14 01:28:21","2023-03-14 01:28:21","Parisi s.r.l.","San Vitalba","Borgo Ian","2023-03-13","16:49:18","2023-03-15","09:03:36","25725","2","0","1"
"372","2023-03-14 01:28:21","2023-03-14 01:28:21","Romano-Lombardo s.r.l.","Settimo Antonino","Sesto Elga calabro","2023-03-13","03:48:28","2023-03-13","18:55:37","32278","9","1","1"
"373","2023-03-14 01:28:21","2023-03-14 01:28:21","Farina-Ferrara s.r.l.","Fiore laziale","Sesto Felicia","2023-03-13","01:54:03","2023-03-13","01:58:02","56639","7","1","1"
"374","2023-03-14 01:28:21","2023-03-14 01:28:21","Milani-Longo e figli","Settimo Radames salentino","Sesto Dindo terme","2023-03-13","18:28:37","2023-03-14","22:10:16","42647","9","0","1"
"375","2023-03-14 01:28:21","2023-03-14 01:28:21","Parisi-Riva Group","Terzo veneto","Sesto Enrica del friuli","2023-03-13","02:09:51","2023-03-13","11:01:45","27508","3","1","0"
"376","2023-03-14 01:28:21","2023-03-14 01:28:21","Caputo-Vitale Group","Cosetta terme","Demi laziale","2023-03-13","17:14:36","2023-03-14","07:15:39","30415","10","1","0"
"377","2023-03-14 01:28:21","2023-03-14 01:28:21","Farina-Guerra SPA","San Jarno","Quarto Vienna ligure","2023-03-13","08:16:14","2023-03-13","10:24:17","15931","4","0","0"
"378","2023-03-14 01:28:21","2023-03-14 01:28:21","Esposito-Galli e figli","Settimo Ippolito","Caputo calabro","2023-03-13","11:09:10","2023-03-13","19:01:26","45543","6","1","0"
"379","2023-03-14 01:28:21","2023-03-14 01:28:21","Barone e figli","Borgo Jole sardo","Settimo Luna","2023-03-13","08:37:50","2023-03-15","03:57:35","52871","5","1","1"
"380","2023-03-14 01:28:21","2023-03-14 01:28:21","Bruno Group","Monti terme","Bernardi terme","2023-03-14","03:31:12","2023-03-15","18:52:55","15606","6","0","1"
"381","2023-03-14 01:28:21","2023-03-14 01:28:21","Grasso SPA","Lauro del friuli","Quarto Enzo veneto","2023-03-13","12:23:45","2023-03-15","23:02:51","55389","2","0","1"
"382","2023-03-14 01:28:21","2023-03-14 01:28:21","De Santis-Ricci Group","Benedetti terme","San Giovanna lido","2023-03-13","08:21:44","2023-03-13","14:53:57","10038","3","1","1"
"383","2023-03-14 01:28:21","2023-03-14 01:28:21","Bernardi, Bellini e Vitale s.r.l.","Quarto Benedetta","Quarto Marino","2023-03-13","11:07:44","2023-03-14","12:04:43","32732","9","1","1"
"384","2023-03-14 01:28:21","2023-03-14 01:28:21","Caputo-Pellegrini SPA","Sesto Samira","Lauro veneto","2023-03-13","06:04:39","2023-03-13","16:13:54","52604","6","0","1"
"385","2023-03-14 01:28:21","2023-03-14 01:28:21","Serra, Messina e Grassi e figli","San Gioacchino sardo","Borgo Folco","2023-03-13","05:02:45","2023-03-15","10:46:45","47764","9","0","1"
"386","2023-03-14 01:28:21","2023-03-14 01:28:21","Ruggiero-Valentini SPA","San Gianleonardo","Sesto Grazia","2023-03-14","12:12:00","2023-03-14","16:21:47","19234","8","1","0"
"387","2023-03-14 01:28:21","2023-03-14 01:28:21","Galli e figli","Barbieri nell'emilia","Gianantonio del friuli","2023-03-13","06:31:31","2023-03-13","10:28:24","24493","2","1","1"
"388","2023-03-14 01:28:21","2023-03-14 01:28:21","Coppola, Damico e Greco Group","San Muzio","San Brigitta","2023-03-13","07:11:38","2023-03-13","12:03:18","59625","8","1","0"
"389","2023-03-14 01:28:21","2023-03-14 01:28:21","Pellegrini-Ruggiero SPA","Borgo Sue ellen lido","Raniero a mare","2023-03-13","23:41:40","2023-03-15","04:30:22","34031","9","0","1"
"390","2023-03-14 01:28:21","2023-03-14 01:28:21","Grassi, Gatti e Morelli e figli","Martini a mare","Carbone ligure","2023-03-13","02:08:57","2023-03-13","03:34:09","18112","3","1","1"
"391","2023-03-14 01:28:21","2023-03-14 01:28:21","Marini SPA","Quarto Loredana lido","Borgo Vania","2023-03-13","10:40:39","2023-03-15","21:14:04","17203","2","0","0"
"392","2023-03-14 01:28:21","2023-03-14 01:28:21","De Angelis s.r.l.","Milani terme","Guendalina nell'emilia","2023-03-13","02:54:36","2023-03-14","11:52:15","57865","1","0","0"
"393","2023-03-14 01:28:21","2023-03-14 01:28:21","Ferretti-D'amico Group","Evita sardo","Sue ellen sardo","2023-03-13","23:01:23","2023-03-13","23:14:17","39085","7","0","0"
"394","2023-03-14 01:28:21","2023-03-14 01:28:21","Martino e figli","Sesto Leonardo calabro","Pellegrino salentino","2023-03-14","03:45:58","2023-03-14","13:44:26","25473","7","1","0"
"395","2023-03-14 01:28:21","2023-03-14 01:28:21","Rossetti SPA","Evita lido","Quarto Leone","2023-03-13","19:32:29","2023-03-15","08:00:36","28937","3","1","0"
"396","2023-03-14 01:28:21","2023-03-14 01:28:21","Guerra s.r.l.","Ferrara calabro","Settimo Radames umbro","2023-03-13","04:48:19","2023-03-13","14:59:36","16300","4","1","0"
"397","2023-03-14 01:28:21","2023-03-14 01:28:21","Morelli-Neri SPA","Parisi umbro","Renzo calabro","2023-03-13","08:49:29","2023-03-14","15:59:41","43446","6","0","0"
"398","2023-03-14 01:28:21","2023-03-14 01:28:21","Bianchi e figli","Bruno umbro","Quarto Ludovico sardo","2023-03-14","11:38:47","2023-03-15","12:30:02","29852","3","0","0"
"399","2023-03-14 01:28:21","2023-03-14 01:28:21","Ferraro-Piras SPA","Colombo nell'emilia","Quarto Rodolfo calabro","2023-03-13","18:03:36","2023-03-15","17:21:04","30008","8","0","1"
"400","2023-03-14 01:28:21","2023-03-14 01:28:21","Esposito-Sorrentino s.r.l.","Borgo Santo sardo","Mancini laziale","2023-03-14","00:34:34","2023-03-15","17:05:51","50906","2","0","1"
"401","2023-03-14 01:28:21","2023-03-14 01:28:21","Ferretti, Longo e Montanari Group","Settimo Mercedes","Milani sardo","2023-03-13","23:16:53","2023-03-15","00:56:53","14118","10","1","0"
"402","2023-03-14 01:28:21","2023-03-14 01:28:21","Longo-Cattaneo Group","Sesto Cristyn terme","San Ortensia","2023-03-13","02:32:47","2023-03-15","12:09:01","40710","8","1","1"
"403","2023-03-14 01:28:21","2023-03-14 01:28:21","Caruso, Costa e Mariani e figli","Cassiopea calabro","Quarto Donatella salentino","2023-03-13","02:49:56","2023-03-13","02:57:56","59431","7","0","1"
"404","2023-03-14 01:28:21","2023-03-14 01:28:21","Gatti, Damico e Bellini s.r.l.","Borgo Lia calabro","Sesto Helga","2023-03-13","01:29:26","2023-03-13","01:45:09","58021","6","1","1"
"405","2023-03-14 01:28:21","2023-03-14 01:28:21","Galli-Bellini SPA","Settimo Brigitta","Alessio veneto","2023-03-13","20:50:40","2023-03-14","23:40:39","41354","10","1","0"
"406","2023-03-14 01:28:21","2023-03-14 01:28:21","Mancini-Rinaldi s.r.l.","Santoro lido","San Morgana laziale","2023-03-13","10:34:44","2023-03-13","12:46:28","11408","2","0","1"
"407","2023-03-14 01:28:21","2023-03-14 01:28:21","Messina-Moretti SPA","Borgo Violante umbro","Sesto Grazia del friuli","2023-03-14","22:42:56","2023-03-15","20:36:38","49993","4","0","1"
"408","2023-03-14 01:28:21","2023-03-14 01:28:21","Guerra, Galli e Vitali Group","Sorrentino salentino","Joannes a mare","2023-03-13","10:19:51","2023-03-14","05:38:33","27237","6","0","1"
"409","2023-03-14 01:28:21","2023-03-14 01:28:21","Galli-Parisi s.r.l.","Sartori veneto","Tancredi terme","2023-03-13","10:43:44","2023-03-13","19:34:34","29752","4","1","0"
"410","2023-03-14 01:28:21","2023-03-14 01:28:21","Pagano-Lombardo Group","Caputo veneto","San Eustachio","2023-03-13","13:19:42","2023-03-13","21:20:42","58483","8","1","0"
"411","2023-03-14 01:28:21","2023-03-14 01:28:21","Pellegrino-Silvestri s.r.l.","Vienna calabro","De luca terme","2023-03-13","06:58:13","2023-03-13","08:29:42","53205","7","1","1"
"412","2023-03-14 01:28:21","2023-03-14 01:28:21","De luca SPA","Concetta laziale","Conte sardo","2023-03-13","19:37:20","2023-03-14","18:39:14","21181","1","1","0"
"413","2023-03-14 01:28:21","2023-03-14 01:28:21","De rosa, Fiore e Caputo Group","Conte sardo","Nunzia veneto","2023-03-13","06:36:11","2023-03-15","08:47:11","46932","4","0","1"
"414","2023-03-14 01:28:21","2023-03-14 01:28:21","Galli, Ferretti e Conti s.r.l.","Genziana salentino","Martinelli terme","2023-03-13","09:27:52","2023-03-15","05:57:04","46062","1","0","1"
"415","2023-03-14 01:28:21","2023-03-14 01:28:21","Esposito-Rossetti SPA","Coppola umbro","Settimo Maika","2023-03-13","01:33:35","2023-03-13","03:47:21","56276","9","0","0"
"416","2023-03-14 01:28:21","2023-03-14 01:28:21","Basile-Longo e figli","San Isabel","Settimo Alberto laziale","2023-03-13","10:54:40","2023-03-14","10:05:56","53621","5","0","0"
"417","2023-03-14 01:28:21","2023-03-14 01:28:21","Pellegrino Group","Ricci del friuli","Settimo Monia ligure","2023-03-14","10:52:18","2023-03-15","04:32:13","10238","4","0","0"
"418","2023-03-14 01:28:21","2023-03-14 01:28:21","Marini s.r.l.","Mariapia salentino","Quarto Giulio calabro","2023-03-14","08:45:16","2023-03-14","08:48:16","20792","6","0","0"
"419","2023-03-14 01:28:21","2023-03-14 01:28:21","Esposito-Milani e figli","Sesto Laerte","Borgo Osea terme","2023-03-13","03:02:23","2023-03-14","02:01:59","19058","4","0","0"
"420","2023-03-14 01:28:21","2023-03-14 01:28:21","Ferraro-Costa Group","Sesto Romeo","San Kai calabro","2023-03-14","17:06:38","2023-03-15","20:40:39","32243","5","1","0"
"421","2023-03-14 01:28:21","2023-03-14 01:28:21","Testa-Sorrentino SPA","Bettino umbro","Quarto Furio sardo","2023-03-13","01:50:26","2023-03-13","09:33:36","52882","1","0","0"
"422","2023-03-14 01:28:21","2023-03-14 01:28:21","Piras, Giordano e Conti Group","San Giacinta ligure","Assia veneto","2023-03-13","03:51:41","2023-03-13","04:19:14","50972","8","0","0"
"423","2023-03-14 01:28:21","2023-03-14 01:28:21","Sorrentino SPA","Settimo Moreno","Settimo Mariapia nell'emilia","2023-03-13","05:17:40","2023-03-13","05:19:15","57109","10","0","1"
"424","2023-03-14 01:28:21","2023-03-14 01:28:21","Fabbri-Pellegrino e figli","Caruso calabro","Costantino terme","2023-03-13","08:17:46","2023-03-13","12:06:06","33222","4","0","1"
"425","2023-03-14 01:28:21","2023-03-14 01:28:21","Pellegrini-Santoro Group","Mazza umbro","San Piccarda del friuli","2023-03-13","05:22:29","2023-03-15","15:03:13","59738","6","1","0"
"426","2023-03-14 01:28:21","2023-03-14 01:28:21","Grasso, Lombardi e Marchetti s.r.l.","Kai laziale","Diana ligure","2023-03-13","09:49:01","2023-03-13","14:38:06","42512","9","1","1"
"427","2023-03-14 01:28:21","2023-03-14 01:28:21","Palmieri-Gentile s.r.l.","Borgo Noemi","Zelida lido","2023-03-13","01:43:45","2023-03-13","07:13:19","14061","3","1","1"
"428","2023-03-14 01:28:21","2023-03-14 01:28:21","Pellegrini, Bellini e Ferraro Group","San Gabriele","Settimo Prisca terme","2023-03-13","18:27:43","2023-03-16","00:52:37","58160","2","0","1"
"429","2023-03-14 01:28:21","2023-03-14 01:28:21","Mancini s.r.l.","Akira terme","San Mariagiulia","2023-03-14","05:26:05","2023-03-14","17:45:55","47861","9","1","0"
"430","2023-03-14 01:28:21","2023-03-14 01:28:21","Ferraro SPA","Settimo Noemi umbro","Michele ligure","2023-03-13","02:02:21","2023-03-13","02:07:37","33647","7","0","0"
"431","2023-03-14 01:28:21","2023-03-14 01:28:21","Vitali, Esposito e Giordano SPA","San Cristyn","Borgo Hector","2023-03-13","13:48:40","2023-03-15","18:29:26","54759","8","0","0"
"432","2023-03-14 01:28:21","2023-03-14 01:28:21","Benedetti-Barone SPA","Costantini del friuli","Mariapia sardo","2023-03-13","20:19:55","2023-03-14","20:58:26","25622","1","0","1"
"433","2023-03-14 01:28:21","2023-03-14 01:28:21","Barone-Bernardi s.r.l.","Giuliani calabro","Gabriele ligure","2023-03-13","07:52:15","2023-03-15","05:38:48","37218","8","0","0"
"434","2023-03-14 01:28:21","2023-03-14 01:28:21","Conte-Amato Group","San Alan","Borgo Gerlando a mare","2023-03-13","09:28:59","2023-03-15","13:18:14","44324","4","0","0"
"435","2023-03-14 01:28:21","2023-03-14 01:28:21","Gallo, Negri e Ricci s.r.l.","Caruso laziale","Borgo Sesto laziale","2023-03-13","01:52:50","2023-03-14","19:35:27","32655","6","1","0"
"436","2023-03-14 01:28:21","2023-03-14 01:28:21","Amato, Villa e Fabbri Group","Sala terme","Galli veneto","2023-03-13","05:47:03","2023-03-13","17:01:10","43769","8","1","0"
"437","2023-03-14 01:28:21","2023-03-14 01:28:21","Galli, Ferrari e Valentini e figli","Quarto Joey nell'emilia","Cristyn a mare","2023-03-13","05:44:29","2023-03-15","19:55:42","47641","7","1","1"
"438","2023-03-14 01:28:21","2023-03-14 01:28:21","Grasso s.r.l.","Bellini laziale","Longo umbro","2023-03-13","11:41:11","2023-03-14","06:43:55","54323","6","0","1"
"439","2023-03-14 01:28:21","2023-03-14 01:28:21","Russo, Caruso e Grassi SPA","Borgo Guido","Borgo Osea","2023-03-14","08:22:28","2023-03-14","09:43:07","11417","7","1","0"
"440","2023-03-14 01:28:21","2023-03-14 01:28:21","Lombardi SPA","Quarto Marzio sardo","Quarto Renato calabro","2023-03-13","15:37:33","2023-03-15","18:06:36","46769","8","1","0"
"441","2023-03-14 01:28:21","2023-03-14 01:28:21","Basile, Donati e Leone Group","Priamo terme","Donatella veneto","2023-03-13","09:21:25","2023-03-13","23:21:22","26339","8","0","0"
"442","2023-03-14 01:28:21","2023-03-14 01:28:21","Pellegrini, Damico e Giordano e figli","Quarto Rosalba laziale","Grassi umbro","2023-03-13","04:45:14","2023-03-13","12:29:08","57559","4","0","0"
"443","2023-03-14 01:28:21","2023-03-14 01:28:21","Galli SPA","Olo veneto","Michael salentino","2023-03-14","19:09:14","2023-03-15","12:02:14","36771","10","0","1"
"444","2023-03-14 01:28:21","2023-03-14 01:28:21","Sanna, Conti e Carbone Group","Martini salentino","Greco ligure","2023-03-13","03:23:26","2023-03-15","00:22:58","46999","7","1","0"
"445","2023-03-14 01:28:21","2023-03-14 01:28:21","Donati SPA","San Lucia umbro","Quarto Sirio terme","2023-03-13","11:44:39","2023-03-15","19:47:26","27615","6","0","1"
"446","2023-03-14 01:28:21","2023-03-14 01:28:21","Rossi, Fabbri e Rossetti Group","Sesto Grazia veneto","Sesto Loretta","2023-03-13","02:48:12","2023-03-15","02:05:13","39198","3","1","1"
"447","2023-03-14 01:28:21","2023-03-14 01:28:21","Bernardi-Santoro s.r.l.","Noah del friuli","Joseph lido","2023-03-13","06:56:28","2023-03-15","22:11:53","27625","9","1","0"
"448","2023-03-14 01:28:21","2023-03-14 01:28:21","Ruggiero, Messina e Serra SPA","San Bettino nell'emilia","Diana salentino","2023-03-13","13:09:02","2023-03-13","19:54:06","16482","10","1","1"
"449","2023-03-14 01:28:21","2023-03-14 01:28:21","Pagano s.r.l.","San Germano","San Piccarda a mare","2023-03-14","00:17:16","2023-03-14","15:27:27","22856","2","0","0"
"450","2023-03-14 01:28:21","2023-03-14 01:28:21","Basile-Rossetti SPA","Sesto Ivonne","Sesto Edvige","2023-03-13","01:43:06","2023-03-13","08:04:32","18288","9","0","1"
"451","2023-03-14 01:28:21","2023-03-14 01:28:21","Martino s.r.l.","Esposito sardo","Luna lido","2023-03-13","10:51:59","2023-03-14","18:03:06","36528","1","0","0"
"452","2023-03-14 01:28:21","2023-03-14 01:28:21","Valentini-Conti Group","Ricci umbro","Borgo Rita","2023-03-13","16:05:43","2023-03-14","10:46:01","25820","6","1","1"
"453","2023-03-14 01:28:21","2023-03-14 01:28:21","Greco s.r.l.","Borgo Lamberto","San Fatima","2023-03-14","02:07:09","2023-03-15","14:59:17","51968","5","0","0"
"454","2023-03-14 01:28:21","2023-03-14 01:28:21","Monti e figli","Dimitri a mare","Settimo Claudia terme","2023-03-13","14:21:15","2023-03-13","16:24:48","48477","4","0","0"
"455","2023-03-14 01:28:21","2023-03-14 01:28:21","Colombo, Grasso e Cattaneo Group","Settimo Giacobbe salentino","Borgo Enrica","2023-03-13","05:04:29","2023-03-13","10:44:24","29025","5","1","0"
"456","2023-03-14 01:28:21","2023-03-14 01:28:21","Vitale, Sanna e Farina SPA","Settimo Danny","Eufemia ligure","2023-03-13","08:44:48","2023-03-14","02:46:42","49819","9","0","1"
"457","2023-03-14 01:28:21","2023-03-14 01:28:21","Conte, Rizzi e Vitale Group","Leone umbro","Mariani terme","2023-03-13","04:43:39","2023-03-13","08:32:33","40058","4","0","0"
"458","2023-03-14 01:28:21","2023-03-14 01:28:21","Fiore, Vitali e Marchetti e figli","Sorrentino veneto","Settimo Abramo umbro","2023-03-13","19:23:48","2023-03-15","15:23:26","26263","5","0","0"
"459","2023-03-14 01:28:21","2023-03-14 01:28:21","Villa s.r.l.","Settimo Ermes del friuli","Ferrari del friuli","2023-03-13","18:05:17","2023-03-15","13:54:06","28528","7","1","1"
"460","2023-03-14 01:28:21","2023-03-14 01:28:21","Ferraro-Pagano s.r.l.","Battaglia terme","Marco veneto","2023-03-14","15:19:41","2023-03-15","18:50:11","39272","3","1","1"
"461","2023-03-14 01:28:21","2023-03-14 01:28:21","De luca s.r.l.","Farina nell'emilia","Tosca lido","2023-03-14","04:54:09","2023-03-16","01:06:26","44600","3","0","0"
"462","2023-03-14 01:28:21","2023-03-14 01:28:21","Ferri, Sorrentino e Fontana Group","Quarto Maggiore ligure","Sesto Erminia","2023-03-14","19:43:47","2023-03-15","07:52:18","50731","1","1","1"
"463","2023-03-14 01:28:21","2023-03-14 01:28:21","Conte SPA","Battista calabro","Settimo Miriana laziale","2023-03-13","07:54:15","2023-03-15","23:56:32","50350","8","0","1"
"464","2023-03-14 01:28:21","2023-03-14 01:28:21","Esposito-Pellegrino e figli","San Armando veneto","Conte nell'emilia","2023-03-13","02:55:25","2023-03-14","05:51:39","52601","10","1","0"
"465","2023-03-14 01:28:21","2023-03-14 01:28:21","Leone s.r.l.","Quarto Ione veneto","Timothy umbro","2023-03-13","16:46:16","2023-03-13","19:32:54","37556","3","0","0"
"466","2023-03-14 01:28:21","2023-03-14 01:28:21","Romano, Rossi e Testa e figli","Borgo Ariel","Settimo Fatima lido","2023-03-13","10:29:11","2023-03-13","18:35:08","47231","8","1","0"
"467","2023-03-14 01:28:21","2023-03-14 01:28:21","Silvestri, Gallo e Fontana SPA","Settimo Folco laziale","Quarto Artes nell'emilia","2023-03-13","13:01:32","2023-03-14","07:41:18","26938","1","0","0"
"468","2023-03-14 01:28:21","2023-03-14 01:28:21","Vitale s.r.l.","Rinaldi terme","Joseph nell'emilia","2023-03-13","23:11:57","2023-03-15","06:20:15","44488","9","1","0"
"469","2023-03-14 01:28:21","2023-03-14 01:28:21","Monti, Moretti e Pellegrini s.r.l.","Borgo Oreste","Settimo Diamante veneto","2023-03-14","07:35:28","2023-03-14","08:59:52","44432","5","1","1"
"470","2023-03-14 01:28:21","2023-03-14 01:28:21","De Santis s.r.l.","Loredana salentino","Settimo Diamante","2023-03-13","14:49:44","2023-03-15","02:34:27","41100","3","0","1"
"471","2023-03-14 01:28:21","2023-03-14 01:28:21","Piras-Sanna e figli","San Pietro","Quarto Carmelo","2023-03-14","17:32:06","2023-03-15","23:52:45","51602","10","0","1"
"472","2023-03-14 01:28:21","2023-03-14 01:28:21","Guerra, Lombardi e Santoro s.r.l.","Borgo Arcibaldo","Sesto Rufo lido","2023-03-13","05:17:20","2023-03-13","13:23:01","38544","9","0","0"
"473","2023-03-14 01:28:21","2023-03-14 01:28:21","Ferri-Damico e figli","San Nathan","Nunzia terme","2023-03-14","12:49:25","2023-03-14","14:32:05","56940","3","0","1"
"474","2023-03-14 01:28:21","2023-03-14 01:28:21","Caputo-Mazza s.r.l.","Borgo Aaron","Sesto Isabel","2023-03-14","16:12:46","2023-03-15","16:08:42","17019","1","0","0"
"475","2023-03-14 01:28:21","2023-03-14 01:28:21","Orlando-Sanna s.r.l.","Giacinto veneto","Max veneto","2023-03-14","01:43:27","2023-03-15","01:29:54","17905","4","0","1"
"476","2023-03-14 01:28:21","2023-03-14 01:28:21","Russo-D'amico s.r.l.","Borgo Ninfa","Quarto Fulvio lido","2023-03-14","16:48:52","2023-03-16","01:11:00","10681","10","1","1"
"477","2023-03-14 01:28:21","2023-03-14 01:28:21","Costantini SPA","San Maika a mare","Nayade umbro","2023-03-13","19:19:49","2023-03-14","10:18:57","32037","9","1","0"
"478","2023-03-14 01:28:21","2023-03-14 01:28:21","Mancini-Basile Group","Diana veneto","Borgo Domingo","2023-03-14","15:55:32","2023-03-16","01:05:23","59793","8","0","1"
"479","2023-03-14 01:28:21","2023-03-14 01:28:21","Pellegrini-Morelli s.r.l.","Borgo Edvige","Diamante umbro","2023-03-13","14:01:40","2023-03-14","01:04:22","25784","2","0","1"
"480","2023-03-14 01:28:21","2023-03-14 01:28:21","Rossi s.r.l.","Settimo Mauro a mare","Grasso laziale","2023-03-13","05:09:36","2023-03-13","05:25:09","17802","5","0","1"
"481","2023-03-14 01:28:21","2023-03-14 01:28:21","Monti, Sala e Sala s.r.l.","Concetta laziale","Borgo Filomena nell'emilia","2023-03-13","13:43:36","2023-03-14","12:52:01","31677","2","0","1"
"482","2023-03-14 01:28:21","2023-03-14 01:28:21","Longo-Cattaneo s.r.l.","Borgo Selvaggia calabro","Settimo Sandro veneto","2023-03-13","11:34:45","2023-03-15","03:18:28","33472","5","1","0"
"483","2023-03-14 01:28:21","2023-03-14 01:28:21","Greco SPA","Neri del friuli","Quarto Cira ligure","2023-03-14","03:47:00","2023-03-16","00:29:20","34817","5","1","0"
"484","2023-03-14 01:28:21","2023-03-14 01:28:21","Bianco e figli","Jole veneto","Costa salentino","2023-03-13","09:44:33","2023-03-15","23:41:28","16266","8","1","1"
"485","2023-03-14 01:28:21","2023-03-14 01:28:21","Valentini-Bianco s.r.l.","Sala laziale","Borgo Assia","2023-03-13","06:29:37","2023-03-13","13:52:30","52903","10","1","0"
"486","2023-03-14 01:28:21","2023-03-14 01:28:21","Milani e figli","Quarto Cassiopea umbro","Quarto Ursula","2023-03-13","16:57:49","2023-03-14","03:34:17","58493","10","0","1"
"487","2023-03-14 01:28:21","2023-03-14 01:28:21","Martino-Carbone e figli","Vitale sardo","Settimo Danuta","2023-03-13","01:59:06","2023-03-13","05:02:59","34436","1","0","0"
"488","2023-03-14 01:28:21","2023-03-14 01:28:21","Esposito-Testa s.r.l.","Gerlando veneto","Borgo Eustachio","2023-03-13","04:35:57","2023-03-15","16:31:22","19645","1","1","0"
"489","2023-03-14 01:28:21","2023-03-14 01:28:21","Leone s.r.l.","Settimo Morgana","Galli lido","2023-03-13","02:55:47","2023-03-13","18:38:28","45105","1","0","1"
"490","2023-03-14 01:28:21","2023-03-14 01:28:21","Gallo s.r.l.","Borgo Bacchisio del friuli","Quarto Enrica","2023-03-14","06:25:42","2023-03-15","19:34:22","31601","2","1","0"
"491","2023-03-14 01:28:21","2023-03-14 01:28:21","Conti SPA","Sesto Violante","D'amico nell'emilia","2023-03-13","04:44:49","2023-03-13","17:54:11","23422","1","1","1"
"492","2023-03-14 01:28:21","2023-03-14 01:28:21","Guerra, Bianco e Rizzi e figli","Quarto Cassiopea","Caputo calabro","2023-03-13","10:51:20","2023-03-15","01:39:16","29011","1","1","0"
"493","2023-03-14 01:28:21","2023-03-14 01:28:21","Ricci e figli","Borgo Morgana umbro","Quarto Nayade","2023-03-13","05:45:11","2023-03-13","05:50:35","19650","10","1","1"
"494","2023-03-14 01:28:21","2023-03-14 01:28:21","D'angelo-Guerra e figli","San Marieva sardo","Sesto Giancarlo","2023-03-13","13:34:56","2023-03-13","19:39:02","40352","3","1","0"
"495","2023-03-14 01:28:21","2023-03-14 01:28:21","Serra, Lombardi e De Santis e figli","Liborio salentino","Borgo Danny a mare","2023-03-13","04:55:09","2023-03-13","06:22:45","12350","9","1","0"
"496","2023-03-14 01:28:21","2023-03-14 01:28:21","Ricci e figli","Settimo Concetta salentino","Settimo Davis ligure","2023-03-14","12:32:53","2023-03-14","22:28:43","57611","8","1","0"
"497","2023-03-14 01:28:21","2023-03-14 01:28:21","De Santis-Barbieri SPA","Quarto Alan sardo","Pellegrino lido","2023-03-13","09:01:53","2023-03-13","23:40:43","33558","2","1","0"
"498","2023-03-14 01:28:21","2023-03-14 01:28:21","Basile, Messina e Coppola Group","San Sue ellen nell'emilia","Borgo Nick","2023-03-13","05:06:21","2023-03-13","05:56:52","59188","10","0","1"
"499","2023-03-14 01:28:21","2023-03-14 01:28:21","Milani-Negri Group","Settimo Ettore","Neri del friuli","2023-03-13","19:47:59","2023-03-13","21:16:31","39388","1","1","1"
"500","2023-03-14 01:28:21","2023-03-14 01:28:21","Barone-Milani Group","Sibilla a mare","Kris del friuli","2023-03-14","06:18:40","2023-03-15","02:04:22","24513","9","1","0"
